source,page_number,page_offset,display_rank,list_position,row_index,target_rank,exposure_type,is_listing_target,product_id,variation_id,origin,product_url,retailer_sku_name,sku_status_raw,sku_status,brand,final_sku_price,original_sku_price,savings,delivery_availability_raw,delivery_availability,count_of_reviews_listing,average_rating_listing,energy_efficiency_class,energy_label_uri,energy_datasheet_uri,top_infos,sku_popularity_raw,sku_popularity,discount_type_raw,discount_type,classify_reason,is_target
topseller_api,1,0,62,62,62,62,organic,True,S048B0TB,S048B0TBJGAC,,https://www.otto.de/p/tectake-waescheschleuder-mini-waschautomat-2-in-1-waschen-und-schleudern-358-u-min-4-50-kg-wasser-und-energiesparend-S048B0TB/,tectake Wäscheschleuder Mini-Waschautomat - 2 in 1 Waschen und Schleudern,,,tectake,"124,99 €","279,00 €",-55%,lieferbar - in 3-4 Werktagen bei dir,Available - at your door in 3-4 working days,62,4.0,,,,,Sehr beliebt,Very popular,nur bis Dienstag,Only until Tuesday,exclude_keyword:wäscheschleuder,False
topseller_api,2,109,132,132,132,132,organic,True,S03470Q4,S03470Q4C5K3,,https://www.otto.de/p/vioks-waschmaschinenuntergestell-bodenwanne-wanne-auffangbehaelter-665-x-665-mm-fuer-waschmaschine-spuelmaschine-S03470Q4/,VIOKS Waschmaschinenuntergestell Bodenwanne Wanne Auffangbehälter 665 x 665 mm,,,VIOKS,"47,33 €",,,lieferbar - in 3-4 Werktagen bei dir,Available - at your door in 3-4 working days,3,3.5,,,,,,,,,"exclude_keyword:untergestell,gestell,bodenwanne",False
topseller_api,2,109,144,144,144,144,sponsored,True,S048B0TB,S048B0TBJGAC,sponsored,https://www.otto.de/p/tectake-waescheschleuder-mini-waschautomat-2-in-1-waschen-und-schleudern-358-u-min-4-50-kg-wasser-und-energiesparend-S048B0TB/,tectake Wäscheschleuder Mini-Waschautomat - 2 in 1 Waschen und Schleudern,Gesponsert,Sponsored,tectake,"124,99 €","279,00 €",-55%,lieferbar - in 3-4 Werktagen bei dir,Available - at your door in 3-4 working days,62,4.0,,,,,Sehr beliebt,Very popular,nur bis Dienstag,Only until Tuesday,exclude_keyword:wäscheschleuder,False
topseller_api,2,109,148,148,148,148,organic,True,S07CN0VN,S07CN0VNICPV,,https://www.otto.de/p/tecuro-schlauch-waschmaschinen-spuelmaschinen-zulauf-verlaengerungsschlauch-alle-laengen-S07CN0VN/,tecuro Schlauch Waschmaschinen Spülmaschinen Zulauf Verlängerungsschlauch alle Längen,,,tecuro,"4,69 €",,,lieferbar - in 3-4 Werktagen bei dir,Available - at your door in 3-4 working days,5,5.0,,,,,,,,,exclude_keyword:schlauch,False
topseller_api,2,109,155,155,155,155,organic,True,652717574,1116524590,,https://www.otto.de/p/hanseatic-kuehl-gefrierkombination-hkgk14349dbi-143-cm-hoch-49-5-cm-breit-inkl-3-jahre-herstellergarantie-652717574/,Hanseatic Kühl-/Gefrierkombination HKGK14349DI,,,Hanseatic,"279,99 €","499,00 €",-44%,lieferbar - in 2-4 Werktagen bei dir,Available - at your door in 2-4 working days,2729,4.5,D,https://i.otto.de/i/otto/9db4e66c-b3af-5d10-b911-64c9188851cc?$dv_energieetikett$,https://d.otto.de/files/44f094f3-3cba-57a5-a711-379b1ce5d95c.pdf,"{""B/H/T"": ""49,5 x 143 x 56,2 cm"", ""Kapazität Kühlen"": ""122 l"", ""Kapazität Frieren"": ""53 l"", ""Betriebsgeräusch"": ""39 dB(A)""}",Sehr beliebt,Very popular,,,missing_ldy_keyword,False
topseller_api,2,109,159,159,159,159,organic,True,S0DAJ0SO,S0DAJ0SOP5FT,,https://www.otto.de/p/mesko-waschschuessel-ms-8053-mini-waschmaschine-reisewaschmaschine-mit-schleuderfunktion-15-minuten-waschprogramm-ablaufschlauch-camping-ferienwohnung-weiss-S0DAJ0SO/,"Mesko Waschschüssel MS 8053 Mini-Waschmaschine, Reisewaschmaschine mit Schleuderfunktion",,,Mesko,"69,90 €",,,lieferbar - in 3-4 Werktagen bei dir,Available - at your door in 3-4 working days,7,4.0,,,,,,,,,"exclude_keyword:schleuderfunktion,waschschüssel",False
topseller_api,2,109,163,163,163,163,organic,True,S0SDI04E,S0SDI04EDURQ,,https://www.otto.de/p/raumhirsch-furniture-waschmaschinenumbauschrank-fuer-zwei-geraete-stabiler-waschmaschinenschrank-zwei-groessen-7-farben-waschmaschinenschrank-fuer-trockner-und-waschmaschine-ueberbauschrank-S0SDI04E/,Raumhirsch Furniture Waschmaschinenumbauschrank für zwei Geräte – stabiler Waschmaschinenschrank zwei Größen 7 Farben,,,Raumhirsch Furniture,"199,90 €","379,90 €",-47%,lieferbar - in  6-8 Werktagen bei dir,Available - at your door in 6-8 working days,20,4.0,,,,,,,,,"exclude_keyword:schrank,umbau",False
topseller_api,2,109,167,167,167,167,organic,True,S0OC50IQ,S0OC50IQ7L0D,,https://www.otto.de/p/aquintos-wasseraufbereitung-wasserfilter-waschmaschinen-spuelmaschinenfilter-2in1-zubehoer-fuer-3-4-zoll-2in1-kalk-wasserfilter-S0OC50IQ/,Aquintos Wasseraufbereitung Wasserfilter Waschmaschinen. - Spülmaschinenfilter 2in1,,,Aquintos Wasseraufbereitung,"20,95 €",,,lieferbar - in 2-3 Werktagen bei dir,Available - at your door in 2-3 working days,3,4.5,,,,,,,,,"exclude_keyword:wasserfilter,filter",False
topseller_api,2,109,176,176,176,176,sponsored,True,S0SDI04H,S0SDI04HPE6R,sponsored,https://www.otto.de/p/raumhirsch-furniture-waschmaschinenumbauschrank-mit-stauraum-fuer-waschmaschine-waschmaschinenschrank-vier-farben-S0SDI04H/,Raumhirsch Furniture Waschmaschinenumbauschrank mit Stauraum für Waschmaschine – Waschmaschinenschrank- vier Farben,Gesponsert,Sponsored,Raumhirsch Furniture,"199,90 €","339,90 €",-41%,lieferbar - in  6-8 Werktagen bei dir,Available - at your door in 6-8 working days,11,4.5,,,,,,,,,"exclude_keyword:schrank,umbau",False
topseller_api,2,109,181,181,181,181,organic,True,S0WBW076,S0WBW0760Q4P,,https://www.otto.de/p/ruum-waescheparfuem-textilien-parfuem-perlen-fuer-die-waschmaschine-210g-spar-set-3-st-fuer-langanhaltende-frische-S0WBW076/,RUUM Wäscheparfüm Textilien-Parfüm Perlen Für Die Waschmaschine 210g,,,RUUM,"12,55 €","13,95 €",-10%,lieferbar - in 2-3 Werktagen bei dir,Available - at your door in 2-3 working days,4,5.0,,,,,,,Nur für kurze Zeit,Only for a short time,"exclude_keyword:perle,parfüm",False
topseller_api,2,109,192,192,192,192,sponsored,True,S0SDI04E,S0SDI04EDURQ,sponsored,https://www.otto.de/p/raumhirsch-furniture-waschmaschinenumbauschrank-fuer-zwei-geraete-stabiler-waschmaschinenschrank-zwei-groessen-7-farben-waschmaschinenschrank-fuer-trockner-und-waschmaschine-ueberbauschrank-S0SDI04E/,Raumhirsch Furniture Waschmaschinenumbauschrank für zwei Geräte – stabiler Waschmaschinenschrank zwei Größen 7 Farben,Gesponsert,Sponsored,Raumhirsch Furniture,"199,90 €","379,90 €",-47%,lieferbar - in  6-8 Werktagen bei dir,Available - at your door in 6-8 working days,20,4.0,,,,,,,,,"exclude_keyword:schrank,umbau",False
topseller_api,2,109,197,197,197,197,organic,True,S057M03T,S057M06OJMWN,,https://www.otto.de/p/ml-design-waschmaschinenuntergestell-waschmaschinenzubehoer-untergestell-unterbausockel-podest-fuer-trockner-zubehoer-fuer-waschmachinen-waschmaschinen-unterbau-ausziehbare-ablage-62-5x53-5x45cm-stahl-weiss-S057M03T/,ML-DESIGN Waschmaschinenuntergestell Waschmaschinenzubehör Untergestell Unterbausockel Podest für Trockner,,,ML-DESIGN,"40,99 €","51,24 €",-20%,lieferbar - in 4-5 Werktagen bei dir,Available - at your door in 4-5 working days,32,3.0,,,,,,,,,"exclude_keyword:untergestell,sockel,gestell,zubehör",False
topseller_api,2,109,199,199,199,199,organic,True,S0FC504U,S0FC504U1RU4,,https://www.otto.de/p/youyijia-waschmaschinenuntergestell-waschmaschinen-untergestell-verstellbare-waschmaschine-sockel-S0FC504U/,"Youyijia Waschmaschinenuntergestell Waschmaschinen Untergestell, Verstellbare Waschmaschine Sockel",,,Youyijia,"19,99 €","28,99 €",-31%,lieferbar - in 5-6 Werktagen bei dir,Available - at your door in 5-6 working days,,,,,,,,,,,"exclude_keyword:untergestell,sockel,gestell",False
topseller_api,2,109,213,213,213,213,organic,True,CS0H0900V,S0H0900V1J2N,,https://www.otto.de/p/bestlivings-waschmaschinenbezug-60x60cm-aus-baumwolle-polyester-mit-gummizug-frottee-steppung-maschinenwaschbar-trocknergeeignet-CS0H0900V/,Bestlivings Waschmaschinenbezug 60x60cm aus Baumwolle/Polyester,,,Bestlivings,"7,49 €","9,99 €",-25%,lieferbar - in 3-4 Werktagen bei dir,Available - at your door in 3-4 working days,132,3.5,,,,,,,,,exclude_keyword:bezug,False
topseller_api,2,109,217,217,217,217,organic,True,S0CE40NV,S0CE40NV91S6,,https://www.otto.de/p/xersek-waschmaschinenuntergestell-universal-stapelbausatz-verbindungsrahmen-46-66mm-mit-ratschenseil-zubehoer-fuer-waschmaschine-und-waeschetrockner-aus-kunststoff-und-rostfreiem-stahl-max-400kg-S0CE40NV/,XERSEK Waschmaschinenuntergestell Universal-Stapelbausatz Verbindungsrahmen 46-66mm mit Ratschenseil,,,XERSEK,"29,99 €","59,99 €",-50%,lieferbar - in 4-5 Werktagen bei dir,Available - at your door in 4-5 working days,3,5.0,,,,,,,,,"exclude_keyword:untergestell,gestell,rahmen",False
topseller_api,2,109,218,218,218,218,organic,True,2040972757,2040972758,,https://www.otto.de/p/bosch-waermepumpentrockner-serie-6-wqg233d01-einfache-reinigung-dank-easy-clean-filter-bettwaescheprogramm-2040972757/,BOSCH Wärmepumpentrockner Serie 6 WQG233D01,,,BOSCH,"599,00 €","1.249,00 €",-52%,lieferbar - in 2-4 Werktagen bei dir,Available - at your door in 2-4 working days,12,4.5,C,https://i.otto.de/i/otto/bd0a1715-3ba1-5ca1-8614-cb2100aefb07?$dv_energieetikett$,https://d.otto.de/files/238c5411-1c60-5569-b2c7-fcd1f9c58964.pdf,"{""Kapazität Trocknen"": ""9 kg"", ""Energieverbrauch pro Trocknung"": ""1,1 kWh"", ""Betriebsgeräusch"": ""63 dB(A)""}",,,,,missing_ldy_keyword,False
topseller_api,2,109,221,221,221,221,organic,True,S0KGL0UX,S0KGL0UX50CS,,https://www.otto.de/p/gliese-waschmaschinenuntergestell-waschmaschine-untergestell-mit-4-fuessenplus4-raeder-mit-roller-zubehoer-fuer-waschmaschinen-trockner-kuehlschrank-tragfaehigkeit-300-kg-groesse-verstellbar-S0KGL0UX/,GLIESE Waschmaschinenuntergestell Waschmaschine Untergestell mit 4 Füßen+4 Räder mit Roller,,,GLIESE,"26,69 €","41,62 €",-36%,lieferbar - in 3-4 Werktagen bei dir,Available - at your door in 3-4 working days,2,5.0,,,,,,,,,"exclude_keyword:untergestell,gestell",False
topseller_api,2,109,223,223,223,223,organic,True,S0X7Z03S,S0X7Z03SN7LB,,https://www.otto.de/p/stabilo-sanitaer-zulaufschlauch-sicherheitsschlauch-zulaufschlauch-3-4-zoll-4-m-waschmaschine-zubehoer-fuer-waschmaschinen-pvc-anschlussschlauch-inklusive-aquastop-platzsicherung-S0X7Z03S/,"Stabilo Sanitär Zulaufschlauch Sicherheitsschlauch Zulaufschlauch 3/4"" Zoll 4 m Waschmaschine",,,Stabilo Sanitär,"21,39 €",,,lieferbar - in 2-3 Werktagen bei dir,Available - at your door in 2-3 working days,3,4.5,,,,,,,,,exclude_keyword:schlauch,False
topseller_api,2,109,224,224,224,224,organic,True,S0WEV0XX,S0WEV0XXHAXZ,,https://www.otto.de/p/greate-zulaufschlauch-aquastop-schlauch-waschmaschine-1-5m-3-4-zoll-waschmaschinenschlauch-zubehoer-fuer-waschmaschine-aquastop-S0WEV0XX/,"greate. Zulaufschlauch Aquastop Schlauch Waschmaschine 1,5m 3/4 Zoll Waschmaschinenschlauch",,,greate.,"22,95 €","24,99 €",,lieferbar - in 2-3 Werktagen bei dir,Available - at your door in 2-3 working days,10,4.5,,,,,,,,,exclude_keyword:schlauch,False
topseller_api,2,109,227,227,227,227,organic,True,S0QD605U,S0QD605UHKNQ,,https://www.otto.de/p/xersek-zwischenbaurahmen-mit-ausziehbarer-ablage-aus-stahl-60x54cm-max-100kg-verbindungsrahmen-zwischenbausatz-inkl-ausziehplatte-fuer-trockner-waschmaschine-waschmaschinezubehoer-trocknerzubehoer-S0QD605U/,XERSEK Zwischenbaurahmen mit Ausziehbarer Ablage aus Stahl 60x54cm Max.100kg Verbindungsrahmen,,,XERSEK,"50,99 €","69,00 €",-26%,lieferbar - in 3-4 Werktagen bei dir,Available - at your door in 3-4 working days,2,3.0,,,,,,,,,"exclude_keyword:rahmen,zwischenbaurahmen",False
topseller_api,2,109,230,230,230,230,organic,True,S05J50MS,SKH1VLNG82ML,,https://www.otto.de/p/adler-europe-waescheschleuder-ad-8056-mini-waschmaschine-4-kg-waschen-2-kg-schleudern-kompakt-camping-kleine-wohnungen-S05J50MS/,ADLER EUROPE Wäscheschleuder AD 8056 Mini Waschmaschine,,,ADLER EUROPE,"89,96 €",,,lieferbar - in 3-4 Werktagen bei dir,Available - at your door in 3-4 working days,,,,,,,,,,,exclude_keyword:wäscheschleuder,False
topseller_api,2,109,233,233,233,233,organic,True,S0FGX0K1,S0FGX0K1NGQ8,,https://www.otto.de/p/kityhome-waescheschleuder-mini-klappbare-waschmaschine-10l-mit-touch-schleuder-2800-u-min-klappbare-mit-schleuderfunktion-fuer-reise-camping-S0FGX0K1/,Kityhome Wäscheschleuder Mini Klappbare Waschmaschine 10L mit Touch & Schleuder,,,Kityhome,"59,99 €","119,99 €",-50%,lieferbar - in 3-4 Werktagen bei dir,Available - at your door in 3-4 working days,,,,,,,,,,,exclude_keyword:wäscheschleuder,False
topseller_api,2,109,236,236,236,236,organic,True,1631331865,1631331866,,https://www.otto.de/p/welltime-waschmaschinenumbauschrank-siena-breite-63cm-fuer-waschmaschine-trockner-2-tueren-mdf-front-topseller-in-verschiedenen-farben-ueberbauschrank-umbauschrank-badschrank-1631331865/,"welltime Waschmaschinenumbauschrank SIENA, Breite 63cm, für Waschmaschine & Trockner, 2 Türen, MDF-Front",,,welltime,"140,48 €","296,00 €",-53%,lieferbar - in  6-8 Werktagen bei dir,Available - at your door in 6-8 working days,43,4.5,,,,,Sehr beliebt,Very popular,,,"exclude_keyword:schrank,umbau",False
topseller_api,2,109,240,240,240,240,organic,True,C1600409431,1600409432,,https://www.otto.de/p/xavax-reinigungs-set-waschmaschinen-pflege-2-x-250-ml-maschinenpfleger-C1600409431/,Xavax Reinigungs-Set,,,Xavax,"14,29 €",,,lieferbar - in 4-5 Werktagen bei dir,Available - at your door in 4-5 working days,122,4.5,,,,,,,,,missing_ldy_keyword,False
topseller_api,3,218,245,245,245,245,organic,True,S08DX0HD,S08DX0HDTGA7,,https://www.otto.de/p/raumhirsch-furniture-waschmaschinenumbauschrank-waschmaschinenschrank-fuer-waschmaschine-waeschetrockner-7-farben-lieferbar-fuer-zwei-geraete-geeignet-S08DX0HD/,Raumhirsch Furniture Waschmaschinenumbauschrank Waschmaschinenschrank für Waschmaschine & Wäschetrockner,,,Raumhirsch Furniture,"229,90 €","289,90 €",-21%,lieferbar - in 6-7 Werktagen bei dir,Available - at your door in 6-7 working days,5,4.0,,,,,,,,,"exclude_keyword:schrank,umbau",False
topseller_api,3,218,251,251,251,251,organic,True,C1615828733,1615828734,,https://www.otto.de/p/xavax-unterbausockel-sockel-untergestell-60-x-60-x-40cm-waschmaschine-trockner-hausgeraetesockel-verstellbar-C1615828733/,Xavax Unterbausockel Sockel Untergestell 60 x 60 x 40cm Waschmaschine Trockner,,,Xavax,"93,02 €","109,00 €",-15%,lieferbar - in 2-3 Werktagen bei dir,Available - at your door in 2-3 working days,149,4.5,,,,,Sehr beliebt,Very popular,,,"exclude_keyword:untergestell,sockel,gestell",False
topseller_api,3,218,252,252,252,252,organic,True,S0R9Q0CP,S0R9Q0CPKXDW,,https://www.otto.de/p/adler-europe-waescheschleuder-ad-8051-tragbare-mini-waschmaschine-mit-schleuderfunktion-3-kg-camping-ferienwohnung-kleine-wohnung-blau-weiss-S0R9Q0CP/,ADLER EUROPE Wäscheschleuder AD 8051 tragbare Mini Waschmaschine mit Schleuderfunktion,,,ADLER EUROPE,"66,90 €",,,lieferbar - in 3-4 Werktagen bei dir,Available - at your door in 3-4 working days,7,2.5,,,,,,,,,"exclude_keyword:wäscheschleuder,schleuderfunktion",False
topseller_api,3,218,255,255,255,255,organic,True,S0N40020,S0N40020MXDV,,https://www.otto.de/p/steinborg-waescheschleuder-sb-4001-3-kg-mini-waschmaschine-camping-3-kg-kapazitaet-schleuderfunktion-150-watt-S0N40020/,STEINBORG Wäscheschleuder SB-4001,,,STEINBORG,"89,90 €","119,90 €",-25%,lieferbar - in 2-3 Werktagen bei dir,Available - at your door in 2-3 working days,7,2.0,,,,,,,,,exclude_keyword:wäscheschleuder,False
topseller_api,3,218,259,259,259,259,organic,True,S0SDI04H,S0SDI04HPE6R,,https://www.otto.de/p/raumhirsch-furniture-waschmaschinenumbauschrank-mit-stauraum-fuer-waschmaschine-waschmaschinenschrank-vier-farben-S0SDI04H/,Raumhirsch Furniture Waschmaschinenumbauschrank mit Stauraum für Waschmaschine – Waschmaschinenschrank- vier Farben,,,Raumhirsch Furniture,"199,90 €","339,90 €",-41%,lieferbar - in  6-8 Werktagen bei dir,Available - at your door in 6-8 working days,11,4.5,,,,,,,,,"exclude_keyword:schrank,umbau",False
topseller_api,3,218,263,263,263,263,organic,True,S0P9H03V,S0P9H03V5B9L,,https://www.otto.de/p/clp-waschmaschinenuntergestell-medina-metall-gestell-fuer-waschmaschinen-S0P9H03V/,CLP Waschmaschinenuntergestell Medina,,,CLP,"94,90 €","167,90 €",-43%,lieferbar - in 2-3 Werktagen bei dir,Available - at your door in 2-3 working days,13,4.0,,,,,,,,,"exclude_keyword:untergestell,gestell",False
topseller_api,3,218,267,267,267,267,organic,True,S0TF90EG,S0TF90EG63P6,,https://www.otto.de/p/felixleo-schutz-set-waschmaschinen-abdeckung-staubdicht-wasserdicht-frontlader-schutzhuelle-S0TF90EG/,FELIXLEO Schutz-Set Waschmaschinen Abdeckung Staubdicht Wasserdicht Frontlader Schutzhülle,,,FELIXLEO,"22,99 €","23,26 €",,lieferbar in 2 Wochen,Available in 2 weeks,,,,,,,,,,,exclude_keyword:abdeckung,False
topseller_api,3,218,277,277,277,277,organic,True,S0LFX01O,S0LFX01O0TJ7,,https://www.otto.de/p/bestlivings-waschmaschinenbezug-weichschaummatte-60x60cm-4-5mm-stark-anti-rusch-waschbar-bei-40-c-pflegeleicht-hygienisch-S0LFX01O/,Bestlivings Waschmaschinenbezug Weichschaummatte 60x60cm,,,Bestlivings,"8,69 €",,,lieferbar - in 3-4 Werktagen bei dir,Available - at your door in 3-4 working days,2,5.0,,,,,,,,,exclude_keyword:bezug,False
topseller_api,3,218,283,283,283,283,organic,True,CS0TC505D,S0TC505D0PNX,,https://www.otto.de/p/theo-klein-lernspielzeug-bosch-waschmaschine-kinderhaushaltsgera-t-wei-CS0TC505D/,"Theo Klein Lernspielzeug Bosch Waschmaschine, KinderhaushaltsgerÃ¤t (wei)",,,Theo Klein,"65,94 €",,,lieferbar - in 5-6 Werktagen bei dir,Available - at your door in 5-6 working days,,,,,,,,,,,"exclude_keyword:spielzeug,lernspiel",False
topseller_api,3,218,295,295,295,295,organic,True,S0WCQ0NS,S0WCQ0NSEWPB,,https://www.otto.de/p/clanmacy-waschmaschinenuntergestell-waschmaschine-sockel-verstellbare-untergestell-fuer-trockner-41-66cm-S0WCQ0NS/,Clanmacy Waschmaschinenuntergestell Waschmaschine Sockel Verstellbare Untergestell für Trockner 41-66cm,,,Clanmacy,"18,99 €","24,98 €",-24%,lieferbar - in 4-5 Werktagen bei dir,Available - at your door in 4-5 working days,13,4.0,,,,,,,,,"exclude_keyword:untergestell,sockel,gestell",False
topseller_api,3,218,297,297,297,297,organic,True,S023S0QB,S023S0QBEFRQ,,https://www.otto.de/p/steinborg-waescheschleuder-sb-4002-3-kg-mini-waschmaschine-camping-3-kg-kapazitaet-schleuderfunktion-2-kammern-S023S0QB/,STEINBORG Wäscheschleuder SB-4002,,,STEINBORG,"119,90 €","149,90 €",-20%,lieferbar - in 2-3 Werktagen bei dir,Available - at your door in 2-3 working days,19,4.0,,,,,,,,,exclude_keyword:wäscheschleuder,False
topseller_api,3,218,302,302,302,302,organic,True,S02CT09Y,S02CT09YFG50,,https://www.otto.de/p/sinlaw-waschmaschinenuntergestell-unterlegscheibe-mit-4-raedern-die-fuer-eine-einfache-mobilitaet-rollen-grosse-tragende-flaeche-rutschfest-und-stossdaempfend-S02CT09Y/,"SinLaw Waschmaschinenuntergestell Unterlegscheibe mit 4 Rädern, die für eine einfache Mobilität rollen",,,SinLaw,"20,99 €","32,55 €",-36%,lieferbar - in 4-5 Werktagen bei dir,Available - at your door in 4-5 working days,14,4.0,,,,,,,,,"exclude_keyword:untergestell,gestell",False
topseller_api,3,218,303,303,303,303,organic,True,S037Z0PO,S037Z0POLUMQ,,https://www.otto.de/p/vioks-griff-tuergriff-ersatz-fuer-aeg-405508700-3-fuer-waschmaschine-mit-schliessnase-S037Z0PO/,VIOKS Griff Türgriff Ersatz für AEG 405508700/3 für Waschmaschine,,,VIOKS,"12,47 €",,,lieferbar - in 3-4 Werktagen bei dir,Available - at your door in 3-4 working days,1,5.0,,,,,,,,,"exclude_keyword:griff,türgriff,ersatz",False
topseller_api,3,218,305,305,305,305,organic,True,S0HDF00O,S0HDF00OSAOE,,https://www.otto.de/p/clanmacy-waschmaschinenuntergestell-waschmaschinen-untergestell-unterbau-sockel-schwarz-S0HDF00O/,Clanmacy Waschmaschinenuntergestell Waschmaschinen Untergestell - Unterbau Sockel - Schwarz,,,Clanmacy,"53,99 €","133,98 €",-60%,lieferbar - in 4-5 Werktagen bei dir,Available - at your door in 4-5 working days,6,5.0,,,,,,,,,"exclude_keyword:untergestell,sockel,gestell",False
topseller_api,3,218,307,307,307,307,organic,True,S0DAJ0SO,S0DAJ0SOP5FT,,https://www.otto.de/p/mesko-waschschuessel-ms-8053-mini-waschmaschine-reisewaschmaschine-mit-schleuderfunktion-15-minuten-waschprogramm-ablaufschlauch-camping-ferienwohnung-weiss-S0DAJ0SO/,"Mesko Waschschüssel MS 8053 Mini-Waschmaschine, Reisewaschmaschine mit Schleuderfunktion",,,Mesko,"69,90 €",,,lieferbar - in 3-4 Werktagen bei dir,Available - at your door in 3-4 working days,7,4.0,,,,,,,,,"exclude_keyword:schleuderfunktion,waschschüssel",False
topseller_api,3,218,311,311,311,311,organic,True,S0G4C01F,S0G4C01F7B7F,,https://www.otto.de/p/vioks-zulaufschlauch-aquastop-3-4-fuer-kaltwasser-zubehoer-fuer-waschmaschine-geschirrspueler-schauch-1-5-2-2-5-3-5-3-4-m-S0G4C01F/,"VIOKS Zulaufschlauch Aquastop 3/4"" für Kaltwasser",,,VIOKS,"25,01 €",,,lieferbar - in 3-4 Werktagen bei dir,Available - at your door in 3-4 working days,24,4.5,,,,,Sehr beliebt,Very popular,,,exclude_keyword:schlauch,False
topseller_api,3,218,318,318,318,318,organic,True,S09DN0G6,S09DN0G61JMG,,https://www.otto.de/p/garveemore-anti-rutsch-pad-antirutschmatte-waschmaschinen-auflage-rutschfest-schwarz-50x60-cm-S09DN0G6/,GarveeMore Anti-Rutsch-Pad Antirutschmatte Waschmaschinen-Auflage rutschfest schwarz 50x60 cm,,,GarveeMore,"17,28 €","28,80 €",-40%,lieferbar - in 3-4 Werktagen bei dir,Available - at your door in 3-4 working days,,,,,,,,,,,"exclude_keyword:antirutsch,rutschmatte",False
topseller_api,3,218,320,320,320,320,organic,True,S03H503Z,S03H503Z0YWQ,,https://www.otto.de/p/steinborg-waescheschleuder-sb-4005-3-kg-waschen-und-schleudern-in-separaten-kammern-S03H503Z/,STEINBORG Wäscheschleuder SB-4005,,,STEINBORG,"119,90 €","149,90 €",-20%,lieferbar - in 2-3 Werktagen bei dir,Available - at your door in 2-3 working days,1,5.0,,,,,,,,,exclude_keyword:wäscheschleuder,False
topseller_api,3,218,323,323,323,323,organic,True,S07FV0Q7,S07FV0Q7C3HO,,https://www.otto.de/p/sarcia-eu-spielkueche-interaktive-waschmaschine-mit-licht-sound-bewegliche-trommel-S07FV0Q7/,"Sarcia.eu Spielküche Interaktive Waschmaschine mit Licht & Sound, bewegliche Trommel",,,Sarcia.eu,"29,99 €",,,lieferbar - in 4-5 Werktagen bei dir,Available - at your door in 4-5 working days,,,,,,,,,,,exclude_keyword:spielküche,False
topseller_api,3,218,327,327,327,327,organic,True,CS0GFV0QC,S0GFV0QC7OKJ,,https://www.otto.de/p/bomann-zulaufschlauch-aquastop-wasserschlauch-wasserschlauch-f-geschirrspueler-u-waschmaschine-CS0GFV0QC/,BOMANN Zulaufschlauch Aquastop Wasserschlauch,,,BOMANN,"29,94 €",,,lieferbar - in 2-3 Werktagen bei dir,Available - at your door in 2-3 working days,5,5.0,,,,,,,,,exclude_keyword:schlauch,False
topseller_api,3,218,328,328,328,328,organic,True,S0QDC0F8,S0QDC0F8WVB0,,https://www.otto.de/p/stabilo-sanitaer-waschmaschinenschlauch-anschluss-set-aqua-stop-zulaufschlauch-3m-schlauch-waschmaschine-S0QDC0F8/,Stabilo Sanitär Waschmaschinenschlauch Anschluss-Set Aqua-Stop Zulaufschlauch 3m Schlauch Waschmaschine,,,Stabilo Sanitär,"21,99 €",,,lieferbar - in 2-3 Werktagen bei dir,Available - at your door in 2-3 working days,1,5.0,,,,,,,,,"exclude_keyword:schlauch,anschluss",False
topseller_api,3,218,331,331,331,331,organic,True,CS07AY0TC,S07AY0TCISTG,,https://www.otto.de/p/xavax-rahmen-xavax-111362-antirutschmatte-fuer-waschmaschinen-CS07AY0TC/,Xavax Rahmen Xavax - 111362 Antirutschmatte für Waschmaschinen,,,Xavax,"31,28 €",,,lieferbar in 2 Wochen,Available in 2 weeks,,,,,,,,,,,"exclude_keyword:rahmen,antirutsch,rutschmatte",False
topseller_api,3,218,333,333,333,333,organic,True,S0AGI0AK,S0AGI0AKVS7P,,https://www.otto.de/p/tronicxl-kabelschloss-steckerschloss-box-waschmaschine-steckersafe-stromkabel-schutz-safe-kabelschloss-trockner-keller-wg-S0AGI0AK/,TronicXL Kabelschloss Steckerschloss Box Waschmaschine Steckersafe Stromkabel Schutz Safe,,,TronicXL,"19,90 €",,,lieferbar - in 2-3 Werktagen bei dir,Available - at your door in 2-3 working days,,,,,,,,,,,"exclude_keyword:kabelschloss,steckerschloss",False
topseller_api,3,218,335,335,335,335,organic,True,S033M03T,S023O0XOGJBR,,https://www.otto.de/p/vioks-ablauf-schlauchverlaengerung-abwasserschlauch-universal-19-20-mmo-zubehoer-fuer-waschmaschine-spuelmaschine-gerade-gerade-S033M03T/,VIOKS Ablauf-Schlauchverlängerung Abwasserschlauch Universal 19-20 mmØ,,,VIOKS,"14,01 €",,,lieferbar - in 3-4 Werktagen bei dir,Available - at your door in 3-4 working days,4,4.5,,,,,,,,,exclude_keyword:schlauch,False
topseller_api,3,218,338,338,338,338,organic,True,S0BGZ0PU,S0BGZ0PUBU30,,https://www.otto.de/p/trend-werk-waschmaschinenumbauschrank-fuer-waschmaschine-in-tiefenvarianten-48-cm-und-62-cm-badschrank-umbauschrank-fuer-waschmaschine-trockner-platzsparende-waschmaschinenverkleidung-mit-stauraum-S0BGZ0PU/,TREND WERK Waschmaschinenumbauschrank für Waschmaschine in Tiefenvarianten: 48 cm und 62 cm,,,TREND WERK,"97,00 €","117,00 €",-17%,lieferbar - in  6-8 Werktagen bei dir,Available - at your door in 6-8 working days,1,5.0,,,,,,,,,"exclude_keyword:schrank,umbau",False
topseller_api,3,218,341,341,341,341,organic,True,S0X7Z03R,S0X7Z03R7NTM,,https://www.otto.de/p/stabilo-sanitaer-zulaufschlauch-sicherheitsschlauch-zulaufschlauch-3-4-zoll-2-m-waschmaschine-S0X7Z03R/,Stabilo Sanitär Zulaufschlauch Sicherheitsschlauch Zulaufschlauch 3/4 Zoll 2 m Waschmaschine,,,Stabilo Sanitär,"13,99 €",,,lieferbar - in 2-3 Werktagen bei dir,Available - at your door in 2-3 working days,,,,,,,,,,,exclude_keyword:schlauch,False
topseller_api,3,218,346,346,346,346,organic,True,S0FGZ0D9,S0FGZ0D9Q6FE,,https://www.otto.de/p/trend-werk-waschmaschinenumbauschrank-waschturm-fuer-waschmaschine-trockner-in-der-standardvariante-66-65-180-cm-und-der-slim-66-51-2-180-cm-waschmaschinen-ueberbauschrank-in-zwei-tiefen-65-cm-und-51-2-cm-offenes-bad-hauswirtschaftsregal-fuer-waschmaschine-oder-trockner-S0FGZ0D9/,TREND WERK Waschmaschinenumbauschrank Waschturm für Waschmaschine & Trockner,,,TREND WERK,"184,00 €","204,00 €",-10%,lieferbar - in  6-8 Werktagen bei dir,Available - at your door in 6-8 working days,,,,,,,,,,,"exclude_keyword:schrank,umbau",False
topseller_api,3,218,348,348,348,348,organic,True,S0QDJ0WW,S0QDJ0WW6J8K,,https://www.otto.de/p/picknickdecke-wassersichte-picknickmatte-145x180-malatec-niedrigen-temperaturen-in-der-waschmaschine-waschen-S0QDJ0WW/,MALATEC Picknickdecke Wassersichte Picknickmatte 145x180,,,MALATEC,"18,90 €","21,90 €",-14%,lieferbar - in  6-8 Werktagen bei dir,Available - at your door in 6-8 working days,,,,,,,,,,,missing_ldy_keyword,False
topseller_api,3,218,350,350,350,350,organic,True,S0TFS0GG,S0TFS0GGXXIT,,https://www.otto.de/p/heimwert-waschmaschinenuntergestell-zwischenbaurahmen-fuer-waschmaschine-trockner-stabil-fixiert-ruhig-sicher-ohne-klappern-bis-500-kg-tragkraft-S0TFS0GG/,HEIMWERT Waschmaschinenuntergestell Zwischenbaurahmen für Waschmaschine Trockner,,,HEIMWERT,"32,97 €",,,lieferbar - in 2-3 Werktagen bei dir,Available - at your door in 2-3 working days,23,4.5,,,,,Sehr beliebt,Very popular,,,"exclude_keyword:untergestell,gestell,rahmen,zwischenbaurahmen",False
topseller_api,3,218,353,353,353,353,organic,True,CS08ED0VQ,S0RCO0D0T84K,,https://www.otto.de/p/xavax-anschluss-set-xavax-siphonanschluss-fuer-waschmaschinen-und-trockner-siphonanschluss-mit-kondensatanschluss-fuer-waschmaschinen-und-trockner-geeignet-CS08ED0VQ/,Xavax Anschluss-Set Xavax Siphonanschluss für Waschmaschinen und Trockner.,,,Xavax,"15,49 €",,,lieferbar - in 4-5 Werktagen bei dir,Available - at your door in 4-5 working days,,,,,,,,,,,"exclude_keyword:anschluss,siphon",False
topseller_api,3,218,354,354,354,354,organic,True,S0TEQ0XC,S0TEQ0XCICB5,,https://www.otto.de/p/jeobest-waschmaschinenuntergestell-waschmaschine-sockel-untergestell-multifunktionale-bewegliche-verstellbare-basis-47-69cm-S0TEQ0XC/,JEOBEST Waschmaschinenuntergestell Waschmaschine Sockel Untergestell,,,JEOBEST,"35,69 €","52,00 €",-31%,lieferbar - in 3-4 Werktagen bei dir,Available - at your door in 3-4 working days,,,,,,,,,,,"exclude_keyword:untergestell,sockel,gestell",False
topseller_api,3,218,355,355,355,355,organic,True,S0DEN0DO,S0DEN0DO1EZ8,,https://www.otto.de/p/clanmacy-waschmaschinenuntergestell-waschmaschinen-untergestell-schwarz-unterbausockel-63x54x42cm-S0DEN0DO/,Clanmacy Waschmaschinenuntergestell Waschmaschinen Untergestell Schwarz Unterbausockel 63x54x42cm,,,Clanmacy,"54,99 €","84,99 €",-35%,lieferbar - in 4-5 Werktagen bei dir,Available - at your door in 4-5 working days,,,,,,,,,,,"exclude_keyword:untergestell,sockel,gestell",False
topseller_api,3,218,357,357,357,357,organic,True,S04BA0RN,S04BA0RNWTIC,,https://www.otto.de/p/westcraft-transportbehaelter-waschpulverbox-in-form-einer-waschmaschine-fuer-waschmittel-1-st-waschmittelbox-eimer-5-liter-waschmitteldose-waschmittelbehaelter-S04BA0RN/,WestCraft Transportbehälter Waschpulverbox in Form einer Waschmaschine für Waschmittel,,,WestCraft,"14,90 €",,,lieferbar - in 5-6 Werktagen bei dir,Available - at your door in 5-6 working days,,,,,,,,,,,"exclude_keyword:transportbehälter,pulverbox",False
topseller_api,3,218,359,359,359,359,organic,True,S0TE401A,S0TE401AMBZR,,https://www.otto.de/p/easypart-zulaufschlauch-wie-puteus-39546-zulaufschlauchverlaengerung-3-5m-zubehoer-fuer-waschmaschinen-waschmaschine-S0TE401A/,"easyPART Zulaufschlauch wie PUTEUS 39546 Zulaufschlauchverlängerung 3,5m",,,easyPART,"28,90 €",,,lieferbar - in 2-3 Werktagen bei dir,Available - at your door in 2-3 working days,1,5.0,,,,,,,,,exclude_keyword:schlauch,False
topseller_api,3,218,360,360,360,360,organic,True,S0WCJ0CE,S0WCJ0CEOIHO,,https://www.otto.de/p/clanmacy-waschmaschinenuntergestell-waschmaschinen-untergestell-mit-schublade-aus-stahl-weiss-bis-150kg-S0WCJ0CE/,Clanmacy Waschmaschinenuntergestell Waschmaschinen Untergestell mit Schublade aus Stahl Weiß Bis 150kg,,,Clanmacy,"51,99 €","86,99 €",-40%,lieferbar - in 4-5 Werktagen bei dir,Available - at your door in 4-5 working days,2,3.0,,,,,,,,,"exclude_keyword:untergestell,gestell",False
topseller_api,4,327,363,363,363,363,organic,True,S0X7Z03S,S0X7Z03SN7LB,,https://www.otto.de/p/stabilo-sanitaer-zulaufschlauch-sicherheitsschlauch-zulaufschlauch-3-4-zoll-4-m-waschmaschine-zubehoer-fuer-waschmaschinen-pvc-anschlussschlauch-inklusive-aquastop-platzsicherung-S0X7Z03S/,"Stabilo Sanitär Zulaufschlauch Sicherheitsschlauch Zulaufschlauch 3/4"" Zoll 4 m Waschmaschine",,,Stabilo Sanitär,"21,39 €",,,lieferbar - in 2-3 Werktagen bei dir,Available - at your door in 2-3 working days,3,4.5,,,,,,,,,exclude_keyword:schlauch,False
topseller_api,4,327,364,364,364,364,organic,True,S0FGX0K1,S0FGX0K1NGQ8,,https://www.otto.de/p/kityhome-waescheschleuder-mini-klappbare-waschmaschine-10l-mit-touch-schleuder-2800-u-min-klappbare-mit-schleuderfunktion-fuer-reise-camping-S0FGX0K1/,Kityhome Wäscheschleuder Mini Klappbare Waschmaschine 10L mit Touch & Schleuder,,,Kityhome,"59,99 €","119,99 €",-50%,lieferbar - in 3-4 Werktagen bei dir,Available - at your door in 3-4 working days,,,,,,,,,,,exclude_keyword:wäscheschleuder,False
topseller_api,4,327,365,365,365,365,organic,True,CS0GFV0QC,S0GFV0QC7OKJ,,https://www.otto.de/p/bomann-zulaufschlauch-aquastop-wasserschlauch-wasserschlauch-f-geschirrspueler-u-waschmaschine-CS0GFV0QC/,BOMANN Zulaufschlauch Aquastop Wasserschlauch,,,BOMANN,"29,94 €",,,lieferbar - in 2-3 Werktagen bei dir,Available - at your door in 2-3 working days,5,5.0,,,,,,,,,exclude_keyword:schlauch,False
topseller_api,4,327,369,369,369,369,organic,True,S0OG80FT,S0OG80FTCVDD,,https://www.otto.de/p/poppstar-waschmaschinenschlauch-S0OG80FT/,Poppstar Waschmaschinenschlauch,,,Poppstar,"17,01 €",,,lieferbar - in 3-4 Werktagen bei dir,Available - at your door in 3-4 working days,2,5.0,,,,,,,,,exclude_keyword:schlauch,False
topseller_api,4,327,372,372,372,372,organic,True,S0G4E0AT,S0G4E0ATL5RM,,https://www.otto.de/p/easypart-griff-wie-bosch-11008957-tuere-bosch-11008957-mit-waschmaschine-S0G4E0AT/,easyPART Griff wie BOSCH 11008957 Türe BOSCH 11008957 mit,,,easyPART,"181,90 €",,,lieferbar - in 2-3 Werktagen bei dir,Available - at your door in 2-3 working days,1,1.0,,,,,,,,,exclude_keyword:griff,False
topseller_api,4,327,374,374,374,374,organic,True,S08DX0HD,S08DX0HDTGA7,,https://www.otto.de/p/raumhirsch-furniture-waschmaschinenumbauschrank-waschmaschinenschrank-fuer-waschmaschine-waeschetrockner-7-farben-lieferbar-fuer-zwei-geraete-geeignet-S08DX0HD/,Raumhirsch Furniture Waschmaschinenumbauschrank Waschmaschinenschrank für Waschmaschine & Wäschetrockner,,,Raumhirsch Furniture,"229,90 €","289,90 €",-21%,lieferbar - in 6-7 Werktagen bei dir,Available - at your door in 6-7 working days,5,4.0,,,,,,,,,"exclude_keyword:schrank,umbau",False
topseller_api,4,327,381,381,381,381,organic,True,CS089K013,S0OBI0C1JSMS,,https://www.otto.de/p/xavax-anschluss-set-xavax-ablaufschlauch-set-fuer-kondenstrockner-zubehoer-1-5-m-ablaufschlauch-siphonanschluss-mit-dichtung-CS089K013/,Xavax Anschluss-Set Xavax Ablaufschlauch-Set für Kondenstrockner - Zubehör.,,,Xavax,"26,99 €",,,lieferbar - in 4-5 Werktagen bei dir,Available - at your door in 4-5 working days,,,,,,,,,,,"exclude_keyword:schlauch,anschluss,zubehör",False
topseller_api,4,327,383,383,383,383,organic,True,1938620060,1938620239,,https://www.otto.de/p/bauknecht-waermepumpentrockner-tr-super-eco-8c-4-jahre-herstellergarantie-1938620060/,BAUKNECHT Wärmepumpentrockner TR SUPER ECO 8C,,,BAUKNECHT,"499,00 €","719,00 €",-31%,lieferbar - in 2-4 Werktagen bei dir,Available - at your door in 2-4 working days,251,4.5,C,https://i.otto.de/i/otto/2f2da05a-1aba-5bb9-abc1-17404124eb2c?$dv_energieetikett$,https://d.otto.de/files/282da06a-6f8a-5589-84f3-095a8b35cd23.pdf,"{""Kapazität Trocknen"": ""8 kg"", ""Energieverbrauch pro Trocknung"": ""0,96 kWh"", ""Betriebsgeräusch"": ""63 dB(A)""}",Sehr beliebt,Very popular,,,missing_ldy_keyword,False
topseller_api,4,327,385,385,385,385,organic,True,1513821464,1513822648,,https://www.otto.de/p/thomas-waescheschleuder-centri-772-sek-2800-u-min-3-kg-1513821464/,Thomas Wäscheschleuder CENTRI 772 SEK,,,Thomas,"216,00 €","229,95 €",-6%,lieferbar - in 1-2 Werktagen bei dir,Available - at your door in 1-2 working days,28,5.0,,,,,,,,,exclude_keyword:wäscheschleuder,False
topseller_api,4,327,386,386,386,386,organic,True,C1588081039,1588081040,,https://www.otto.de/p/xavax-zwischenbaurahmen-smart-set-13-st-zwischenbaurahmen-inkl-4-schrauben-6-selbstklebende-schaumstoff-zuschnitten-1-zurrgurt-1-montageanleitung-universeller-zwischenbaurahmen-seitenschienen-verhindern-das-wandern-des-trockners-bei-vibrationen-der-waschmaschine-inkl-ausziehplatte-max-belastbar-bis-10-kg-praktische-ablage-und-arbeitsflaeche-in-bequemer-arbeitshoehe-z-b-fuer-waesche-zusammenlegen-ein-und-ausraeumen-etc-C1588081039/,"Xavax Zwischenbaurahmen für Waschmaschinen und Trockner mit Zurrgurt, Ablage",,,Xavax,"61,38 €","79,00 €",-22%,lieferbar - in 4-5 Werktagen bei dir,Available - at your door in 4-5 working days,177,4.5,,,,,Sehr beliebt,Very popular,,,"exclude_keyword:rahmen,zwischenbaurahmen",False
topseller_api,4,327,388,388,388,388,organic,True,S0UG102T,S0UG102TSI70,,https://www.otto.de/p/raumhirsch-furniture-waschmaschinenumbauschrank-fuer-zwei-geraete-stabiler-waschmaschinenschrank-waschmaschinenschrank-fuer-trockner-und-waschmaschine-ueberbauschrank-S0UG102T/,Raumhirsch Furniture Waschmaschinenumbauschrank für zwei Geräte – stabiler Waschmaschinenschrank,,,Raumhirsch Furniture,"169,90 €","279,00 €",-39%,lieferbar - in 5-6 Werktagen bei dir,Available - at your door in 5-6 working days,2,4.5,,,,,,,,,"exclude_keyword:schrank,umbau",False
topseller_api,4,327,396,396,396,396,organic,True,S0G4C01F,S0G4C01F7B7F,,https://www.otto.de/p/vioks-zulaufschlauch-aquastop-3-4-fuer-kaltwasser-zubehoer-fuer-waschmaschine-geschirrspueler-schauch-1-5-2-2-5-3-5-3-4-m-S0G4C01F/,"VIOKS Zulaufschlauch Aquastop 3/4"" für Kaltwasser",,,VIOKS,"25,01 €",,,lieferbar - in 3-4 Werktagen bei dir,Available - at your door in 3-4 working days,24,4.5,,,,,Sehr beliebt,Very popular,,,exclude_keyword:schlauch,False
topseller_api,4,327,399,399,399,399,organic,True,C1600409431,1600409432,,https://www.otto.de/p/xavax-reinigungs-set-waschmaschinen-pflege-2-x-250-ml-maschinenpfleger-C1600409431/,Xavax Reinigungs-Set,,,Xavax,"14,29 €",,,lieferbar - in 4-5 Werktagen bei dir,Available - at your door in 4-5 working days,122,4.5,,,,,,,,,missing_ldy_keyword,False
topseller_api,4,327,405,405,405,405,organic,True,S0FEH0K8,S057M05H0Z3V,,https://www.otto.de/p/ml-design-zwischenbaurahmen-waschmaschinenzubehoer-stapelrahmen-verbindungrahmen-fuer-trockner-1-st-waschmaschinen-zwischenbausatz-mit-schublade-60-5x54x15cm-stahl-weiss-S0FEH0K8/,ML-DESIGN Zwischenbaurahmen Waschmaschinenzubehör Stapelrahmen Verbindungrahmen für Trockner,,,ML-DESIGN,"65,99 €","82,49 €",-20%,lieferbar - in 4-5 Werktagen bei dir,Available - at your door in 4-5 working days,13,4.5,,,,,,,,,"exclude_keyword:rahmen,zwischenbaurahmen,zubehör",False
topseller_api,4,327,409,409,409,409,organic,True,CS089K01N,S0Q9T0FE71JY,,https://www.otto.de/p/xavax-kuechenorganizer-set-xavax-siphonanschluss-fuer-wandeinbau-siphons-CS089K01N/,Xavax Küchenorganizer-Set Xavax Siphonanschluss für Wandeinbau-Siphons,,,Xavax,"21,89 €",,,lieferbar - in 2-3 Werktagen bei dir,Available - at your door in 2-3 working days,1,5.0,,,,,,,,,"exclude_keyword:anschluss,siphon",False
topseller_api,4,327,412,412,412,412,organic,True,S0NG30BA,S0NG30BAS2UJ,,https://www.otto.de/p/tretmann-waschmaschinenuntergestell-universal-zwischenbaurahmen-set-extra-stabil-mit-ablage-waschturm-verbindungsrahmen-verbindung-waschmaschine-trockner-S0NG30BA/,Tretmann Waschmaschinenuntergestell Universal Zwischenbaurahmen SET -extra Stabil mit Ablage,,,Tretmann,"59,99 €","69,99 €",-14%,lieferbar - in 3-4 Werktagen bei dir,Available - at your door in 3-4 working days,5,4.0,,,,,,,,,"exclude_keyword:untergestell,gestell,rahmen,zwischenbaurahmen",False
topseller_api,4,327,415,415,415,415,organic,True,S077O0V2,S077O0V2CS6H,,https://www.otto.de/p/skye-decor-waschmaschinenumbauschrank-100-melamine-coated-particle-board-91-8-cm-x-60-cm-x-65-cm-n3303-S077O0V2/,"Skye Decor Waschmaschinenumbauschrank 100% MELAMINE COATED PARTICLE BOARD, 91,8 cm x 60 cm x 65 cm N3303",,,Skye Decor,"83,00 €","125,00 €",-34%,lieferbar - in 6-7 Werktagen bei dir,Available - at your door in 6-7 working days,3,2.0,,,,,,,,,"exclude_keyword:schrank,umbau",False
topseller_api,4,327,422,422,422,422,organic,True,S0MDQ082,S0MDQ0825M7S,,https://www.otto.de/p/magowa-waschmaschinenumbauschrank-magwa-fuer-waschmaschine-waeschetrockner-ueberbauschrank-mehr-ordnung-uebersichtlichkeit-S0MDQ082/,MAGOWA Waschmaschinenumbauschrank MAGWA für Waschmaschine / Wäschetrockner - Überbauschrank,,,MAGOWA,"89,99 €","159,99 €",-44%,lieferbar - in 6-7 Werktagen bei dir,Available - at your door in 6-7 working days,1,4.0,,,,,,,,,"exclude_keyword:schrank,umbau",False
topseller_api,4,327,423,423,423,423,organic,True,CS02AB0T1,S02AB0T1AWB1,,https://www.otto.de/p/magowa-waschmaschinenumbauschrank-polawash-1-ideal-fuer-kleine-baeder-hoehe-19-cm-breite-35-5-cm-laenge-98-3-cm-CS02AB0T1/,MAGOWA Waschmaschinenumbauschrank POLAWASH 1 ideal für kleine Bäder,,,MAGOWA,"134,95 €",,,lieferbar - in 6-7 Werktagen bei dir,Available - at your door in 6-7 working days,2,4.5,,,,,,,,,"exclude_keyword:schrank,umbau",False
topseller_api,4,327,426,426,426,426,organic,True,S023S0QB,S023S0QBEFRQ,,https://www.otto.de/p/steinborg-waescheschleuder-sb-4002-3-kg-mini-waschmaschine-camping-3-kg-kapazitaet-schleuderfunktion-2-kammern-S023S0QB/,STEINBORG Wäscheschleuder SB-4002,,,STEINBORG,"119,90 €","149,90 €",-20%,lieferbar - in 2-3 Werktagen bei dir,Available - at your door in 2-3 working days,19,4.0,,,,,,,,,exclude_keyword:wäscheschleuder,False
topseller_api,4,327,427,427,427,427,organic,True,S057M03W,S057M03WDF6N,,https://www.otto.de/p/ml-design-zwischenbaurahmen-waschmaschinenzubehoer-stapelrahmen-verbindungrahmen-fuer-trockner-1-st-waschmaschinen-zwischenbausatz-mit-waescheleine-60-5x54-5cm-stahl-weiss-S057M03W/,ML-DESIGN Zwischenbaurahmen Waschmaschinenzubehör Stapelrahmen Verbindungrahmen für Trockner,,,ML-DESIGN,"49,99 €","62,49 €",-20%,lieferbar - in 4-5 Werktagen bei dir,Available - at your door in 4-5 working days,47,4.5,,,,,,,,,"exclude_keyword:rahmen,zwischenbaurahmen,zubehör",False
topseller_api,4,327,428,428,428,428,organic,True,S0SE40P2,S0SE40P2R4U6,,https://www.otto.de/p/easypart-dichtungsring-wie-europart-10092301-tuermanschette-wie-samsung-waschmaschine-S0SE40P2/,easyPART Dichtungsring wie EUROPART 10092301 Türmanschette wie SAMSUNG,,,easyPART,"47,90 €",,,lieferbar - in 2-3 Werktagen bei dir,Available - at your door in 2-3 working days,,,,,,,,,,,missing_ldy_keyword,False
topseller_api,4,327,430,430,430,430,organic,True,S022R01S,S022R01SPNWJ,,https://www.otto.de/p/sanixa-geraeteventil-waschmaschine-spuelmaschine-wasseranschluss-verteiler-geraeteanschluss-doppel-auslauf-einzeln-absperrbar-kombiventil-messing-anschluss-waschmaschine-spuelmaschine-S022R01S/,Sanixa Geräteventil Waschmaschine Spülmaschine Wasseranschluss-Verteiler Geräteanschluss,,,Sanixa,"19,90 €","24,90 €",-20%,lieferbar - in 3-4 Werktagen bei dir,Available - at your door in 3-4 working days,1,3.0,,,,,,,,,exclude_keyword:anschluss,False
topseller_api,4,327,437,437,437,437,organic,True,S07CN0VN,S07CN0VNICPV,,https://www.otto.de/p/tecuro-schlauch-waschmaschinen-spuelmaschinen-zulauf-verlaengerungsschlauch-alle-laengen-S07CN0VN/,tecuro Schlauch Waschmaschinen Spülmaschinen Zulauf Verlängerungsschlauch alle Längen,,,tecuro,"4,69 €",,,lieferbar - in 3-4 Werktagen bei dir,Available - at your door in 3-4 working days,5,5.0,,,,,,,,,exclude_keyword:schlauch,False
topseller_api,4,327,439,439,439,439,organic,True,S063O0CC,S063O0CC5Z30,,https://www.otto.de/p/vioks-zulaufschlauch-aquastop-schlauch-sicherheitsschlauch-3-4-zoll-zubehoer-fuer-waschmaschine-geschirrspueler-S063O0CC/,VIOKS Zulaufschlauch Aquastop Schlauch Sicherheitsschlauch 3/4 Zoll,,,VIOKS,"24,00 €",,,lieferbar - in 3-4 Werktagen bei dir,Available - at your door in 3-4 working days,59,4.5,,,,,,,,,exclude_keyword:schlauch,False
topseller_api,4,327,442,442,442,442,organic,True,S0ME00DA,S0ME00DAXT0M,,https://www.otto.de/p/bealife-badkommode-hochschrank-badschrank-mit-3-offenen-faechern-1-schubladen-weiss-mit-tueren-65-x-22-x-163-5-cm-fuer-waschmaschine-und-waeschetrockner-S0ME00DA/,"Bealife Badkommode Hochschrank Badschrank mit 3 offenen Fächern, 1 Schubladen, Weiß",,,Bealife,"69,99 €","129,99 €",-46%,lieferbar - in 4-5 Werktagen bei dir,Available - at your door in 4-5 working days,5,3.0,,,,,,,,,exclude_keyword:schrank,False
topseller_api,4,327,444,444,444,444,organic,True,C1615828733,1615828734,,https://www.otto.de/p/xavax-unterbausockel-sockel-untergestell-60-x-60-x-40cm-waschmaschine-trockner-hausgeraetesockel-verstellbar-C1615828733/,Xavax Unterbausockel Sockel Untergestell 60 x 60 x 40cm Waschmaschine Trockner,,,Xavax,"93,02 €","109,00 €",-15%,lieferbar - in 2-3 Werktagen bei dir,Available - at your door in 2-3 working days,149,4.5,,,,,Sehr beliebt,Very popular,,,"exclude_keyword:untergestell,sockel,gestell",False
topseller_api,4,327,449,449,449,449,organic,True,S0U980LI,S0U980LI02EQ,,https://www.otto.de/p/mokebo-waschmaschinenumbauschrank-der-saubermann-mit-tueren-waschmaschinenschrank-oder-ueberbau-fuer-waschmaschinen-in-eiche-schwarz-S0U980LI/,mokebo Waschmaschinenumbauschrank Der Saubermann,,,mokebo,"109,99 €",,,lieferbar - in 4-5 Werktagen bei dir,Available - at your door in 4-5 working days,12,3.0,,,,,,,,,"exclude_keyword:schrank,umbau",False
topseller_api,4,327,450,450,450,450,organic,True,S0ID709N,S0ID709NKREI,,https://www.otto.de/p/rhein-beleuchtung-zwischenbaurahmen-universeller-zwischenbaurahmen-fuer-waschmaschine-trockner-8-gummihalterungen-1-befestigungsband-1-stapelplatte-1-st-mit-ratschenseil-gummihalterungen-platzsparend-geeignet-fuer-24-bis-29-zoll-waschmaschinen-S0ID709N/,Rhein Beleuchtung Zwischenbaurahmen Universeller Zwischenbaurahmen für Waschmaschine & Trockner,,,Rhein Beleuchtung,"39,99 €","181,99 €",-78%,lieferbar - in 3-4 Werktagen bei dir,Available - at your door in 3-4 working days,9,4.5,,,,,,,,,"exclude_keyword:rahmen,zwischenbaurahmen",False
topseller_api,4,327,452,452,452,452,organic,True,S09DY0U4,S09DY0U4I7NS,,https://www.otto.de/p/mega-creative-spielkueche-interaktive-waschmaschine-fuer-kinder-zum-spielen-mega-creative-S09DY0U4/,"Mega Creative Spielküche Interaktive Waschmaschine für Kinder zum Spielen, Mega Creative",,,Mega Creative,"32,99 €",,,lieferbar - in 4-5 Werktagen bei dir,Available - at your door in 4-5 working days,1,4.0,,,,,,,,,exclude_keyword:spielküche,False
topseller_api,4,327,453,453,453,453,organic,True,S0LCA0EC,S0LCA0ECRU78,,https://www.otto.de/p/onvaya-waschmaschinenumbauschrank-mit-kleiderstange-und-4-haken-waschmaschinenregal-schwarz-S0LCA0EC/,ONVAYA Waschmaschinenumbauschrank mit Kleiderstange und 4 Haken ǀ Waschmaschinenregal ǀ schwarz,,,ONVAYA,"65,99 €","72,99 €",,lieferbar - in 3-4 Werktagen bei dir,Available - at your door in 3-4 working days,2,4.5,,,,,,,,,"exclude_keyword:schrank,umbau",False
topseller_api,4,327,456,456,456,456,organic,True,S07D30XX,S07D30XXKFKQ,,https://www.otto.de/p/kirchhoff-waschmaschinenschlauch-was-sicherheits-zulaufschlauch-24-2-mm-3-4-ig-S07D30XX/,"Kirchhoff Waschmaschinenschlauch WAS Sicherheits-Zulaufschlauch 24,2 mm (3/4"" IG)",,,Kirchhoff,"11,99 €",,,lieferbar - in 2-3 Werktagen bei dir,Available - at your door in 2-3 working days,37,4.5,,,,,,,,,exclude_keyword:schlauch,False
topseller_api,4,327,458,458,458,458,organic,True,CS0CH205L,S0CH205L3TXN,,https://www.otto.de/p/vidaxl-waschmaschinenumbauschrank-waschmaschinen-podest-schwarz-60-x-56-x-52-cm-stahl-1-st-CS0CH205L/,vidaXL Waschmaschinenumbauschrank Waschmaschinen-Podest Schwarz 60 x 56 x 52 cm Stahl,,,vidaXL,"71,66 €",,,lieferbar - in 5-6 Werktagen bei dir,Available - at your door in 5-6 working days,2,1.0,,,,,,,,,"exclude_keyword:schrank,umbau",False
topseller_api,4,327,459,459,459,459,organic,True,S0V7O0MS,S0V7O0MSMVKS,,https://www.otto.de/p/beko-waermepumpentrockner-manhattan-gray-b3t22491m-dampffunktion-silent-programm-allergikergeeignet-aquawave-S0V7O0MS/,BEKO Wärmepumpentrockner Manhattan Gray B3T22491M,,,BEKO,"407,99 €","999,00 €",-59%,lieferbar - in 4-5 Werktagen bei dir,Available - at your door in 4-5 working days,40,4.5,C,https://i.otto.de/i/otto/149ac4eb-c88f-45dc-bdc8-1aa8288fa355?$dv_energieetikett$,https://d.otto.de/files/7554b36a-dba2-45f8-800c-0f08afc00bf6.pdf,"{""Kapazität Trocknen"": ""8 kg"", ""Energieverbrauch pro Trocknung"": ""1,02 kWh"", ""Betriebsgeräusch"": ""64 dB(A)""}",Sehr beliebt,Very popular,nur diesen Monat,Only this month,missing_ldy_keyword,False
topseller_api,4,327,466,466,466,466,organic,True,S0L9W0V8,S0L9W0V806Q8,,https://www.otto.de/p/beko-waermepumpentrockner-b3t442491-dampffunktion-aquawave-silent-programm-S0L9W0V8/,BEKO Wärmepumpentrockner B3T442491,,,BEKO,"444,44 €","1.189,00 €",-63%,lieferbar - in 4-5 Werktagen bei dir,Available - at your door in 4-5 working days,14,4.5,C,https://i.otto.de/i/otto/9b88078e-0351-4601-8a7d-1307b2be5820?$dv_energieetikett$,https://d.otto.de/files/a4dfad1a-1fbc-46ee-840a-fc9ff661832f.pdf,"{""Kapazität Trocknen"": ""10 kg"", ""Energieverbrauch pro Trocknung"": ""1,17 kWh"", ""Betriebsgeräusch"": ""64 dB(A)""}",,,nur bis Dienstag,Only until Tuesday,missing_ldy_keyword,False
topseller_api,4,327,468,468,468,468,organic,True,S0SE40SF,S0SE40SF14RQ,,https://www.otto.de/p/easypart-dichtungsring-wie-europart-10092307-tuermanschette-wie-samsung-waschmaschine-S0SE40SF/,easyPART Dichtungsring wie EUROPART 10092307 Türmanschette wie SAMSUNG,,,easyPART,"52,90 €",,,lieferbar - in 2-3 Werktagen bei dir,Available - at your door in 2-3 working days,,,,,,,,,,,missing_ldy_keyword,False
topseller_api,4,327,470,470,470,470,organic,True,S05J50MS,SKH1VLNG82ML,,https://www.otto.de/p/adler-europe-waescheschleuder-ad-8056-mini-waschmaschine-4-kg-waschen-2-kg-schleudern-kompakt-camping-kleine-wohnungen-S05J50MS/,ADLER EUROPE Wäscheschleuder AD 8056 Mini Waschmaschine,,,ADLER EUROPE,"89,96 €",,,lieferbar - in 3-4 Werktagen bei dir,Available - at your door in 3-4 working days,,,,,,,,,,,exclude_keyword:wäscheschleuder,False
topseller_api,4,327,472,472,472,472,organic,True,S0QDC0F8,S0QDC0F8WVB0,,https://www.otto.de/p/stabilo-sanitaer-waschmaschinenschlauch-anschluss-set-aqua-stop-zulaufschlauch-3m-schlauch-waschmaschine-S0QDC0F8/,Stabilo Sanitär Waschmaschinenschlauch Anschluss-Set Aqua-Stop Zulaufschlauch 3m Schlauch Waschmaschine,,,Stabilo Sanitär,"21,99 €",,,lieferbar - in 2-3 Werktagen bei dir,Available - at your door in 2-3 working days,1,5.0,,,,,,,,,"exclude_keyword:schlauch,anschluss",False
topseller_api,4,327,474,474,474,474,organic,True,590694362,2088972105,,https://www.otto.de/p/welltime-waschmaschinenumbauschrank-avena-waschmaschinenueberbau-platz-fuer-waschmaschinen-bis-60-cm-breite-590694362/,welltime Waschmaschinenumbauschrank Avena,,,welltime,"125,99 €","229,00 €",-45%,lieferbar - in  6-8 Werktagen bei dir,Available - at your door in 6-8 working days,130,4.5,,,,,,,nur für kurze Zeit,Only for a short time,"exclude_keyword:schrank,umbau",False
topseller_api,4,327,476,476,476,476,organic,True,S02CT09Y,S02CT09YFG50,,https://www.otto.de/p/sinlaw-waschmaschinenuntergestell-unterlegscheibe-mit-4-raedern-die-fuer-eine-einfache-mobilitaet-rollen-grosse-tragende-flaeche-rutschfest-und-stossdaempfend-S02CT09Y/,"SinLaw Waschmaschinenuntergestell Unterlegscheibe mit 4 Rädern, die für eine einfache Mobilität rollen",,,SinLaw,"20,99 €","32,55 €",-36%,lieferbar - in 4-5 Werktagen bei dir,Available - at your door in 4-5 working days,14,4.0,,,,,,,,,"exclude_keyword:untergestell,gestell",False
topseller_api,4,327,479,479,479,479,organic,True,S0M0F0OP,S0M0F0OP9AYO,,https://www.otto.de/p/en-casa-waschmaschinenumbauschrank-courtavon-waschmasch-untergestell-trockner-weiss-S0M0F0OP/,en.casa Waschmaschinenumbauschrank,,,en.casa,"46,99 €","70,99 €",-34%,lieferbar - in 5-6 Werktagen bei dir,Available - at your door in 5-6 working days,21,3.0,,,,,,,,,"exclude_keyword:schrank,umbau",False
topseller_api,4,327,480,480,480,480,organic,True,S0R4909R,S0R4909RPD4N,,https://www.otto.de/p/vioks-zulaufschlauch-verlaengerung-fuer-kaltwasseranschluss-25-c-3-4-zoll-anschluesse-zubehoer-fuer-waschmaschine-geschirrspueler-1-5-2-2-5-3-3-5-meter-S0R4909R/,VIOKS Zulaufschlauch Verlängerung für Kaltwasseranschluss (25°C) 3/4 Zoll Anschlüsse,,,VIOKS,"11,80 €",,,lieferbar - in 3-4 Werktagen bei dir,Available - at your door in 3-4 working days,14,4.0,,,,,,,,,"exclude_keyword:schlauch,anschluss",False
topseller_api,5,436,484,484,484,484,organic,True,S0FGZ0D9,S0FGZ0D9Q6FE,,https://www.otto.de/p/trend-werk-waschmaschinenumbauschrank-waschturm-fuer-waschmaschine-trockner-in-der-standardvariante-66-65-180-cm-und-der-slim-66-51-2-180-cm-waschmaschinen-ueberbauschrank-in-zwei-tiefen-65-cm-und-51-2-cm-offenes-bad-hauswirtschaftsregal-fuer-waschmaschine-oder-trockner-S0FGZ0D9/,TREND WERK Waschmaschinenumbauschrank Waschturm für Waschmaschine & Trockner,,,TREND WERK,"184,00 €","204,00 €",-10%,lieferbar - in  6-8 Werktagen bei dir,Available - at your door in 6-8 working days,,,,,,,,,,,"exclude_keyword:schrank,umbau",False
topseller_api,5,436,489,489,489,489,organic,True,S07FV0Q7,S07FV0Q7C3HO,,https://www.otto.de/p/sarcia-eu-spielkueche-interaktive-waschmaschine-mit-licht-sound-bewegliche-trommel-S07FV0Q7/,"Sarcia.eu Spielküche Interaktive Waschmaschine mit Licht & Sound, bewegliche Trommel",,,Sarcia.eu,"29,99 €",,,lieferbar - in 4-5 Werktagen bei dir,Available - at your door in 4-5 working days,,,,,,,,,,,exclude_keyword:spielküche,False
topseller_api,5,436,490,490,490,490,organic,True,S00C90Q8,S00C90Q8MK5Q,,https://www.otto.de/p/stabilo-sanitaer-zulaufschlauch-sicherheitszulaufschlauch-3-4-zoll-2-5m-aquastop-waschmaschine-S00C90Q8/,"Stabilo Sanitär Zulaufschlauch Sicherheitszulaufschlauch 3/4 Zoll 2,5m Aquastop Waschmaschine",,,Stabilo Sanitär,"14,99 €",,,lieferbar - in 2-3 Werktagen bei dir,Available - at your door in 2-3 working days,2,5.0,,,,,,,,,exclude_keyword:schlauch,False
topseller_api,5,436,492,492,492,492,organic,True,S0G4E077,S0G4E077LR6B,,https://www.otto.de/p/easypart-zahnriemen-1200-pj-6-ma-poly-v-riemen-antriebsriemen-waschmaschine-S0G4E077/,easyPART Zahnriemen 1200 PJ 6 MA Poly-V-Riemen Antriebsriemen,,,easyPART,"24,90 €",,,lieferbar - in 2-3 Werktagen bei dir,Available - at your door in 2-3 working days,,,,,,,,,,,missing_ldy_keyword,False
topseller_api,5,436,497,497,497,497,organic,True,S0HJ90S2,SZ8PQHHIMIH9,,https://www.otto.de/p/easypart-zahnriemen-wie-midea-12638100000250-midea-12638100000250-waschmaschine-S0HJ90S2/,easyPART Zahnriemen wie Midea 12638100000250 Midea 12638100000250,,,easyPART,"23,90 €",,,lieferbar - in 2-3 Werktagen bei dir,Available - at your door in 2-3 working days,,,,,,,,,,,missing_ldy_keyword,False
topseller_api,5,436,498,498,498,498,organic,True,S0QE904O,S0QE904OYI08,,https://www.otto.de/p/vioks-zulaufschlauch-sicherheitsventil-waterblock-3-4-fuer-zulaufschlauch-waschmaschine-spuelmaschine-S0QE904O/,"VIOKS Zulaufschlauch Sicherheitsventil WATERBLOCK 3/4""",,,VIOKS,"24,67 €",,,leider ausverkauft,Sold out,1,5.0,,,,,,,,,exclude_keyword:schlauch,False
topseller_api,5,436,500,500,500,500,organic,True,S0OFY0BK,S0OFY0BKKMOD,,https://www.otto.de/p/magowa-waschmaschinenumbauschrank-platzsparender-waschmaschinenschrank-fuer-waschmaschine-oder-trockner-1-er-set-kombinierte-geraete-stauraumloesung-S0OFY0BK/,MAGOWA Waschmaschinenumbauschrank Platzsparender Waschmaschinenschrank für Waschmaschine oder Trockner,,,MAGOWA,"189,99 €","269,99 €",-30%,lieferbar - in 6-7 Werktagen bei dir,Available - at your door in 6-7 working days,3,3.0,,,,,,,,,"exclude_keyword:schrank,umbau",False
topseller_api,5,436,501,501,501,501,organic,True,S0X7Z03R,S0X7Z03R7NTM,,https://www.otto.de/p/stabilo-sanitaer-zulaufschlauch-sicherheitsschlauch-zulaufschlauch-3-4-zoll-2-m-waschmaschine-S0X7Z03R/,Stabilo Sanitär Zulaufschlauch Sicherheitsschlauch Zulaufschlauch 3/4 Zoll 2 m Waschmaschine,,,Stabilo Sanitär,"13,99 €",,,lieferbar - in 2-3 Werktagen bei dir,Available - at your door in 2-3 working days,,,,,,,,,,,exclude_keyword:schlauch,False
topseller_api,5,436,503,503,503,503,organic,True,S0Y8W028,S0Y8W028M457,,https://www.otto.de/p/indesit-waermepumpentrockner-yt-m11-83k-rx-eu-knitterschutz-easycleaning-filter-baby-feines-S0Y8W028/,Indesit Wärmepumpentrockner YT M11 83K RX EU,,,Indesit,"399,77 €","829,00 €",-52%,lieferbar - in 4-5 Werktagen bei dir,Available - at your door in 4-5 working days,8,4.0,C,https://i.otto.de/i/otto/5f81086b-75e1-42d8-91c5-1a2c6809401a?$dv_energieetikett$,https://d.otto.de/files/6b90bb7e-ee27-49f1-a89f-8ca7118c0247.pdf,"{""Kapazität Trocknen"": ""8 kg"", ""Energieverbrauch pro Trocknung"": ""93 kWh"", ""Betriebsgeräusch"": ""65 dB(A)""}",,,,,missing_ldy_keyword,False
topseller_api,5,436,504,504,504,504,sponsored,True,S048B0TB,S048B0TBJGAC,sponsored,https://www.otto.de/p/tectake-waescheschleuder-mini-waschautomat-2-in-1-waschen-und-schleudern-358-u-min-4-50-kg-wasser-und-energiesparend-S048B0TB/,tectake Wäscheschleuder Mini-Waschautomat - 2 in 1 Waschen und Schleudern,Gesponsert,Sponsored,tectake,"124,99 €","279,00 €",-55%,lieferbar - in 3-4 Werktagen bei dir,Available - at your door in 3-4 working days,62,4.0,,,,,Sehr beliebt,Very popular,nur bis Dienstag,Only until Tuesday,exclude_keyword:wäscheschleuder,False
topseller_api,5,436,505,505,505,505,organic,True,S0F4E09T,S0F4E09TL3WH,,https://www.otto.de/p/easypart-dichtungsring-wie-europart-10028711-tuermanschette-manschette-waschmaschine-S0F4E09T/,easyPART Dichtungsring wie EUROPART 10028711 Türmanschette Manschette,,,easyPART,"36,90 €",,,lieferbar - in 2-3 Werktagen bei dir,Available - at your door in 2-3 working days,,,,,,,,,,,missing_ldy_keyword,False
topseller_api,5,436,507,507,507,507,organic,True,S0TE401A,S0TE401AMBZR,,https://www.otto.de/p/easypart-zulaufschlauch-wie-puteus-39546-zulaufschlauchverlaengerung-3-5m-zubehoer-fuer-waschmaschinen-waschmaschine-S0TE401A/,"easyPART Zulaufschlauch wie PUTEUS 39546 Zulaufschlauchverlängerung 3,5m",,,easyPART,"28,90 €",,,lieferbar - in 2-3 Werktagen bei dir,Available - at your door in 2-3 working days,1,5.0,,,,,,,,,exclude_keyword:schlauch,False
topseller_api,5,436,509,509,509,509,organic,True,S0FA60DF,S0FA60DFL87Z,,https://www.otto.de/p/ruhhy-waschmaschinenuntergestell-vibrastop-4er-set-antivibrationspads-fuer-mehr-stabilitaet-zubehoer-fuer-schalldaempfende-matten-fuer-geschirrspueler-unterlegscheiben-fuer-waschmaschinen-antirutsch-pads-fuer-moebel-pads-fuer-kuehlschraenke-schuetzt-boden-und-geraet-vor-vibrationen-und-reduziert-geraeusche-S0FA60DF/,Ruhhy Waschmaschinenuntergestell VibraStop 4er-Set: Antivibrationspads für mehr Stabilität,,,Ruhhy,"7,99 €","19,90 €",-60%,lieferbar - in 3-4 Werktagen bei dir,Available - at your door in 3-4 working days,3,4.5,,,,,,,,,"exclude_keyword:untergestell,gestell",False
topseller_api,5,436,510,510,510,510,organic,True,CS0TC505D,S0TC505D0PNX,,https://www.otto.de/p/theo-klein-lernspielzeug-bosch-waschmaschine-kinderhaushaltsgera-t-wei-CS0TC505D/,"Theo Klein Lernspielzeug Bosch Waschmaschine, KinderhaushaltsgerÃ¤t (wei)",,,Theo Klein,"65,94 €",,,lieferbar - in 5-6 Werktagen bei dir,Available - at your door in 5-6 working days,,,,,,,,,,,"exclude_keyword:spielzeug,lernspiel",False
topseller_api,5,436,511,511,511,511,organic,True,S0QDJ0WW,S0QDJ0WW6J8K,,https://www.otto.de/p/picknickdecke-wassersichte-picknickmatte-145x180-malatec-niedrigen-temperaturen-in-der-waschmaschine-waschen-S0QDJ0WW/,MALATEC Picknickdecke Wassersichte Picknickmatte 145x180,,,MALATEC,"18,90 €","21,90 €",-14%,lieferbar - in  6-8 Werktagen bei dir,Available - at your door in 6-8 working days,,,,,,,,,,,missing_ldy_keyword,False
topseller_api,5,436,512,512,512,512,sponsored,True,2088960384,2088973924,sponsored,https://www.otto.de/p/basic-by-balculina-waschmaschinenumbauschrank-washhome-b-t-h-68x200x68-cm-1-st-breite-68cm-ausziebarer-tablerboden-2088960384/,BASIC by Balculina Waschmaschinenumbauschrank Washhome B/T/H 68x200x68 cm,Gesponsert,Sponsored,BASIC by Balculina,"247,63 €","354,00 €",-30%,lieferbar in 12 Wochen,Available in 12 weeks,,,,,,,,,,,"exclude_keyword:schrank,umbau",False
topseller_api,5,436,513,513,513,513,organic,True,S02JD0WA,STU4JMBHVLJL,,https://www.otto.de/p/dirt-devil-spielkueche-dirt-devil-kinderwaschmaschine-mit-licht-und-sound-kunststoff-S02JD0WA/,DIRT DEVIL Spielküche Dirt Devil Kinderwaschmaschine mit Licht und Sound,,,DIRT DEVIL,"26,24 €",,,lieferbar - in 4-5 Werktagen bei dir,Available - at your door in 4-5 working days,,,,,,,,,,,exclude_keyword:spielküche,False
topseller_api,5,436,514,514,514,514,organic,True,S0FGJ06V,S0FGJ06VFBTW,,https://www.otto.de/p/tuwena-waschmaschinenuntergestell-waschmaschinen-untergestell-45-66cm-einstellbare-kuehlschrankstaender-mit-8-stabilen-fuessen-4-feststellraedern-fuer-waschwaschine-kuehlschrank-S0FGJ06V/,"TUWENA Waschmaschinenuntergestell Waschmaschinen Untergestell 45-66cm, Einstellbare Kühlschrankständer",,,TUWENA,"19,99 €","35,99 €",-44%,lieferbar - in 4-5 Werktagen bei dir,Available - at your door in 4-5 working days,1,2.0,,,,,,,,,"exclude_keyword:untergestell,schrank,gestell",False
topseller_api,5,436,516,516,516,516,organic,True,C1615828679,1615828680,,https://www.otto.de/p/xavax-waschmaschinenuntergestell-xavax-untergestell-grossgeraete-weiss-fuer-haushaltsgeraete-zubehoer-fuer-waschmaschinen-trockner-robuste-konstruktion-C1615828679/,"Xavax Unterbausockel Untergestell für Waschmaschine, Trockner und Kühlschrank",,,Xavax,"44,99 €",,,lieferbar - in 6-7 Werktagen bei dir,Available - at your door in 6-7 working days,25,4.5,,,,,Sehr beliebt,Very popular,,,"exclude_keyword:untergestell,sockel,schrank,gestell",False
topseller_api,5,436,520,520,520,520,sponsored,True,S0UG102W,S0UG102W0L17,sponsored,https://www.otto.de/p/raumhirsch-furniture-waschmaschinenumbauschrank-fuer-waschmaschine-waeschetrockner-ueberbauschrank-waschmaschinenschrank-viele-farbvarianten-erhaeltlich-S0UG102W/,Raumhirsch Furniture Waschmaschinenumbauschrank für Waschmaschine / Wäschetrockner - Überbauschrank,Gesponsert,Sponsored,Raumhirsch Furniture,"72,90 €","124,90 €",-42%,lieferbar - in 5-6 Werktagen bei dir,Available - at your door in 5-6 working days,,,,,,,,,,,"exclude_keyword:schrank,umbau",False
topseller_api,5,436,521,521,521,521,organic,True,S0K5E08X,S0K5E08X2UKB,,https://www.otto.de/p/yeset-wasserfilter-wasserfilter-siliphos-filter-enthaerter-waschmaschine-S0K5E08X/,YESET Wasserfilter Wasserfilter Siliphos Filter Enthärter Waschmaschine,,,YESET,"16,30 €",,,lieferbar - in 3-4 Werktagen bei dir,Available - at your door in 3-4 working days,1,5.0,,,,,,,,,"exclude_keyword:wasserfilter,filter",False
topseller_api,5,436,522,522,522,522,organic,True,S0E4E0TE,S0E4E0TE4O0P,,https://www.otto.de/p/easypart-zahnriemen-1110-pj-5-poly-v-riemen-antriebsriemen-treibriemen-waschmaschine-S0E4E0TE/,easyPART Zahnriemen 1110 PJ 5 Poly-V-Riemen Antriebsriemen Treibriemen,,,easyPART,"18,90 €",,,lieferbar - in 2-3 Werktagen bei dir,Available - at your door in 2-3 working days,,,,,,,,,,,missing_ldy_keyword,False
topseller_api,5,436,525,525,525,525,organic,True,S05G30R2,S05G30R26E77,,https://www.otto.de/p/spreadshirt-t-shirt-waschmaschine-kostuemersatz-fasching-karneval-frauen-t-shirt-1-tlg-S05G30R2/,Spreadshirt T-Shirt Waschmaschine Kostümersatz Fasching Karneval Frauen T-Shirt,,,Spreadshirt,"22,99 €",,,lieferbar - in 4-5 Werktagen bei dir,Available - at your door in 4-5 working days,,,,,,,,,,,exclude_keyword:ersatz,False
topseller_api,5,436,526,526,526,526,organic,True,S0WCJ0CE,S0WCJ0CEOIHO,,https://www.otto.de/p/clanmacy-waschmaschinenuntergestell-waschmaschinen-untergestell-mit-schublade-aus-stahl-weiss-bis-150kg-S0WCJ0CE/,Clanmacy Waschmaschinenuntergestell Waschmaschinen Untergestell mit Schublade aus Stahl Weiß Bis 150kg,,,Clanmacy,"51,99 €","86,99 €",-40%,lieferbar - in 4-5 Werktagen bei dir,Available - at your door in 4-5 working days,2,3.0,,,,,,,,,"exclude_keyword:untergestell,gestell",False
topseller_api,5,436,527,527,527,527,organic,True,2088960384,2088973931,,https://www.otto.de/p/basic-by-balculina-waschmaschinenumbauschrank-washhome-b-t-h-68x200x68-cm-1-st-breite-68cm-ausziebarer-tablerboden-2088960384/,BASIC by Balculina Waschmaschinenumbauschrank Washhome B/T/H 68x200x68 cm,,,BASIC by Balculina,"247,63 €","354,00 €",-30%,lieferbar in 12 Wochen,Available in 12 weeks,,,,,,,,,,,"exclude_keyword:schrank,umbau",False
topseller_api,5,436,528,528,528,528,sponsored,True,S0SDI04E,S0SDI04EDURQ,sponsored,https://www.otto.de/p/raumhirsch-furniture-waschmaschinenumbauschrank-fuer-zwei-geraete-stabiler-waschmaschinenschrank-zwei-groessen-7-farben-waschmaschinenschrank-fuer-trockner-und-waschmaschine-ueberbauschrank-S0SDI04E/,Raumhirsch Furniture Waschmaschinenumbauschrank für zwei Geräte – stabiler Waschmaschinenschrank zwei Größen 7 Farben,Gesponsert,Sponsored,Raumhirsch Furniture,"199,90 €","379,90 €",-47%,lieferbar - in  6-8 Werktagen bei dir,Available - at your door in 6-8 working days,20,4.0,,,,,,,,,"exclude_keyword:schrank,umbau",False
topseller_api,5,436,529,529,529,529,organic,True,S0TFS0GG,S0TFS0GGXXIT,,https://www.otto.de/p/heimwert-waschmaschinenuntergestell-zwischenbaurahmen-fuer-waschmaschine-trockner-stabil-fixiert-ruhig-sicher-ohne-klappern-bis-500-kg-tragkraft-S0TFS0GG/,HEIMWERT Waschmaschinenuntergestell Zwischenbaurahmen für Waschmaschine Trockner,,,HEIMWERT,"32,97 €",,,lieferbar - in 2-3 Werktagen bei dir,Available - at your door in 2-3 working days,23,4.5,,,,,Sehr beliebt,Very popular,,,"exclude_keyword:untergestell,gestell,rahmen,zwischenbaurahmen",False
topseller_api,5,436,531,531,531,531,organic,True,S0AGI0B2,S0AGI0B2PPWU,,https://www.otto.de/p/tronicxl-kettenschloss-steckerschloss-waschmaschine-steckersafe-schloss-stecker-box-safe-tv-trockner-kueche-steckersafe-S0AGI0B2/,TronicXL Kettenschloss Steckerschloss Waschmaschine Steckersafe Schloss Stecker Box Safe,,,TronicXL,"24,90 €",,,lieferbar - in 2-3 Werktagen bei dir,Available - at your door in 2-3 working days,,,,,,,,,,,exclude_keyword:steckerschloss,False
topseller_api,5,436,532,532,532,532,organic,True,S0G4E0CD,S0G4E0CD8LAU,,https://www.otto.de/p/easypart-dichtungsring-wie-europart-10032259-tuermanschette-manschette-waschmaschine-S0G4E0CD/,easyPART Dichtungsring wie EUROPART 10032259 Türmanschette Manschette,,,easyPART,"43,90 €",,,lieferbar - in 2-3 Werktagen bei dir,Available - at your door in 2-3 working days,1,4.0,,,,,,,,,missing_ldy_keyword,False
topseller_api,5,436,533,533,533,533,organic,True,S05GJ0ZP,S05GJ0ZPO0NE,,https://www.otto.de/p/magowa-waschmaschinenumbauschrank-pola-side-badezimmerschrank-fuer-waschmaschine-trockner-ideal-fuer-das-badezimmer-S05GJ0ZP/,MAGOWA Waschmaschinenumbauschrank POLA Side Badezimmerschrank für Waschmaschine/Trockner,,,MAGOWA,"169,99 €","219,99 €",-23%,lieferbar - in 6-7 Werktagen bei dir,Available - at your door in 6-7 working days,,,,,,,,,,,"exclude_keyword:schrank,umbau",False
topseller_api,5,436,535,535,535,535,organic,True,S0P9H03V,S0P9H03V5B9L,,https://www.otto.de/p/clp-waschmaschinenuntergestell-medina-metall-gestell-fuer-waschmaschinen-S0P9H03V/,CLP Waschmaschinenuntergestell Medina,,,CLP,"94,90 €","167,90 €",-43%,lieferbar - in 2-3 Werktagen bei dir,Available - at your door in 2-3 working days,13,4.0,,,,,,,,,"exclude_keyword:untergestell,gestell",False
topseller_api,5,436,536,536,536,536,sponsored,True,S0SDI04H,S0CDT04Q8ECP,sponsored,https://www.otto.de/p/raumhirsch-furniture-waschmaschinenumbauschrank-mit-stauraum-fuer-waschmaschine-waschmaschinenschrank-vier-farben-S0SDI04H/,Raumhirsch Furniture Waschmaschinenumbauschrank mit Stauraum für Waschmaschine – Waschmaschinenschrank- vier Farben,Gesponsert,Sponsored,Raumhirsch Furniture,"199,90 €","339,90 €",-41%,lieferbar - in  6-8 Werktagen bei dir,Available - at your door in 6-8 working days,11,4.5,,,,,,,,,"exclude_keyword:schrank,umbau",False
topseller_api,5,436,540,540,540,540,organic,True,S0VGE0YO,S0VGE0YOQSE4,,https://www.otto.de/p/pfctart-waschmaschinenuntergestell-waschmaschine-untergestell-mit-rollen-300-kg-verstellbar-zubehoer-fuer-waschmaschine-kuehlschrank-trockner-inkl-einstellbarer-fuesse-geraete-sockel-mit-bremsrollen-vibrationsschutz-mobile-waschmaschine-S0VGE0YO/,"PFCTART Waschmaschinenuntergestell Waschmaschine Untergestell mit Rollen – 300 kg, verstellbar",,,PFCTART,"26,99 €","40,99 €",-34%,lieferbar - in 3-4 Werktagen bei dir,Available - at your door in 3-4 working days,1,1.0,,,,,,,,,"exclude_keyword:untergestell,gestell",False
topseller_api,5,436,541,541,541,541,organic,True,C1513821462,1513821600,,https://www.otto.de/p/thomas-kuechenmaschine-776203-2800-w-edelstahl-gehaeuse-fuer-langlebigkeit-C1513821462/,Thomas Wäscheschleuder CENTRI 776 SEK INOX,,,Thomas,"232,29 €","299,95 €",-23%,lieferbar - in 1-2 Werktagen bei dir,Available - at your door in 1-2 working days,13,4.0,,,,,,,,,exclude_keyword:wäscheschleuder,False
topseller_api,5,436,543,543,543,543,organic,True,S08420PP,S08420PPRZN6,,https://www.otto.de/p/vioks-druckfeder-ersatz-fuer-miele-4176890-1-st-zugfeder-fuer-bottich-waschmaschine-S08420PP/,VIOKS Druckfeder Ersatz für Miele 4176890,,,VIOKS,"12,20 €",,,lieferbar - in 3-4 Werktagen bei dir,Available - at your door in 3-4 working days,1,4.0,,,,,,,,,exclude_keyword:ersatz,False
topseller_api,5,436,544,544,544,544,sponsored,True,S0UG102T,S0UG102TSI70,sponsored,https://www.otto.de/p/raumhirsch-furniture-waschmaschinenumbauschrank-fuer-zwei-geraete-stabiler-waschmaschinenschrank-waschmaschinenschrank-fuer-trockner-und-waschmaschine-ueberbauschrank-S0UG102T/,Raumhirsch Furniture Waschmaschinenumbauschrank für zwei Geräte – stabiler Waschmaschinenschrank,Gesponsert,Sponsored,Raumhirsch Furniture,"169,90 €","279,00 €",-39%,lieferbar - in 5-6 Werktagen bei dir,Available - at your door in 5-6 working days,2,4.5,,,,,,,,,"exclude_keyword:schrank,umbau",False
topseller_api,5,436,549,549,549,549,organic,True,S0RCN035,S0RCN0351K0S,,https://www.otto.de/p/tecuro-ablaufrohr-ablauf-doppelanschluss-fuer-2-x-waschmaschine-und-oder-trockner-wandanschluss-o-32-mm-S0RCN035/,tecuro Ablaufrohr Ablauf-Doppelanschluss für 2 x Waschmaschine und/oder Trockner,,,tecuro,"11,15 €",,,lieferbar - in 3-4 Werktagen bei dir,Available - at your door in 3-4 working days,6,5.0,,,,,,,,,exclude_keyword:anschluss,False
topseller_api,5,436,551,551,551,551,organic,True,S0A410BI,S0A410BIEO0E,,https://www.otto.de/p/vioks-ablaufschlauch-abwasserschlauch-19-22-mmo-verlaengerung-zubehoer-fuer-waschmaschine-geschirrspueler-universal-flexibel-1-5-2-2-5-3-4-meter-S0A410BI/,VIOKS Ablaufschlauch Abwasserschlauch 19/22 mmØ Verlängerung,,,VIOKS,"10,73 €",,,lieferbar - in 3-4 Werktagen bei dir,Available - at your door in 3-4 working days,8,5.0,,,,,,,,,exclude_keyword:schlauch,False
topseller_api,5,436,554,554,554,554,organic,True,CS01A40RK,S01A40RK7EY3,,https://www.otto.de/p/systafex-anti-rutsch-pad-anti-vibrations-gummimatte-unterlegmatte-60x60-cm-fuer-haushaltsgeraete-1-st-vibrationsabsorbierend-CS01A40RK/,Nedis Dämpfer WAAM110BK,,,Nedis,"19,99 €",,,lieferbar - in 2-3 Werktagen bei dir,Available - at your door in 2-3 working days,1,5.0,,,,,,,,,missing_ldy_keyword,False
topseller_api,5,436,555,555,555,555,organic,True,S04G30Y4,S04G30Y41OBN,,https://www.otto.de/p/spreadshirt-t-shirt-waschmaschine-kostuemersatz-fasching-karneval-maenner-t-shirt-1-tlg-S04G30Y4/,Spreadshirt T-Shirt Waschmaschine Kostümersatz Fasching Karneval Männer T-Shirt,,,Spreadshirt,"22,99 €",,,lieferbar - in 4-5 Werktagen bei dir,Available - at your door in 4-5 working days,,,,,,,,,,,exclude_keyword:ersatz,False
topseller_api,5,436,556,556,556,556,organic,True,S0R9Q0CP,S0R9Q0CPKXDW,,https://www.otto.de/p/adler-europe-waescheschleuder-ad-8051-tragbare-mini-waschmaschine-mit-schleuderfunktion-3-kg-camping-ferienwohnung-kleine-wohnung-blau-weiss-S0R9Q0CP/,ADLER EUROPE Wäscheschleuder AD 8051 tragbare Mini Waschmaschine mit Schleuderfunktion,,,ADLER EUROPE,"66,90 €",,,lieferbar - in 3-4 Werktagen bei dir,Available - at your door in 3-4 working days,7,2.5,,,,,,,,,"exclude_keyword:wäscheschleuder,schleuderfunktion",False
topseller_api,5,436,561,561,561,561,organic,True,S07CN0VP,S07CN0VPEW4O,,https://www.otto.de/p/tecuro-schlauch-zulaufschlauch-fuer-waschmaschine-geschirrspueler-S07CN0VP/,tecuro Schlauch Zulaufschlauch für Waschmaschine Geschirrspüler,,,tecuro,"3,78 €",,,lieferbar - in 3-4 Werktagen bei dir,Available - at your door in 3-4 working days,3,3.5,,,,,,,,,exclude_keyword:schlauch,False
topseller_api,5,436,562,562,562,562,organic,True,S0X8S0I9,S0X8S0I91APA,,https://www.otto.de/p/clp-waschmaschinenuntergestell-tampa-2er-untergestell-mit-ablage-S0X8S0I9/,CLP Waschmaschinenuntergestell Tampa,,,CLP,"94,90 €","196,90 €",-52%,lieferbar - in 2-3 Werktagen bei dir,Available - at your door in 2-3 working days,2,4.0,,,,,,,,,"exclude_keyword:untergestell,gestell",False
topseller_api,5,436,564,564,564,564,organic,True,S08220LM,S08220LMFYI6,,https://www.otto.de/p/eyepower-zulaufschlauch-2-m-kaltwasserschlauch-fuer-waschmaschine-und-spuelmaschine-3-4-zoll-waschmaschinenschlauch-geschirrspueler-schlauch-wasseranschluss-kueche-S08220LM/,eyepower Zulaufschlauch 2 m Kaltwasserschlauch für Waschmaschine und Spülmaschine - 3/4 Zoll,,,eyepower,"14,99 €",,,lieferbar - in 3-4 Werktagen bei dir,Available - at your door in 3-4 working days,,,,,,,,,,,exclude_keyword:schlauch,False
topseller_api,5,436,565,565,565,565,organic,True,S04BA0RN,S04BA0RNWTIC,,https://www.otto.de/p/westcraft-transportbehaelter-waschpulverbox-in-form-einer-waschmaschine-fuer-waschmittel-1-st-waschmittelbox-eimer-5-liter-waschmitteldose-waschmittelbehaelter-S04BA0RN/,WestCraft Transportbehälter Waschpulverbox in Form einer Waschmaschine für Waschmittel,,,WestCraft,"14,90 €",,,lieferbar - in 5-6 Werktagen bei dir,Available - at your door in 5-6 working days,,,,,,,,,,,"exclude_keyword:transportbehälter,pulverbox",False
topseller_api,5,436,566,566,566,566,organic,True,S0BGZ0PU,S0BGZ0PUBU30,,https://www.otto.de/p/trend-werk-waschmaschinenumbauschrank-fuer-waschmaschine-in-tiefenvarianten-48-cm-und-62-cm-badschrank-umbauschrank-fuer-waschmaschine-trockner-platzsparende-waschmaschinenverkleidung-mit-stauraum-S0BGZ0PU/,TREND WERK Waschmaschinenumbauschrank für Waschmaschine in Tiefenvarianten: 48 cm und 62 cm,,,TREND WERK,"97,00 €","117,00 €",-17%,lieferbar - in  6-8 Werktagen bei dir,Available - at your door in 6-8 working days,1,5.0,,,,,,,,,"exclude_keyword:schrank,umbau",False
topseller_api,5,436,567,567,567,567,organic,True,S0HIS04K,SWXYNDBUX6PF,,https://www.otto.de/p/cofi-1453-waschmaschinenuntergestell-universal-zwischenbaurahmen-verbindungsrahmen-stapelrahmen-S0HIS04K/,COFI 1453 Waschmaschinenuntergestell Universal Zwischenbaurahmen Verbindungsrahmen Stapelrahmen,,,COFI 1453,"34,95 €","44,95 €",-22%,lieferbar - in 3-4 Werktagen bei dir,Available - at your door in 3-4 working days,,,,,,,,,,,"exclude_keyword:untergestell,gestell,rahmen,zwischenbaurahmen",False
topseller_api,5,436,573,573,573,573,organic,True,S0FC504U,S0FC504U1RU4,,https://www.otto.de/p/youyijia-waschmaschinenuntergestell-waschmaschinen-untergestell-verstellbare-waschmaschine-sockel-S0FC504U/,"Youyijia Waschmaschinenuntergestell Waschmaschinen Untergestell, Verstellbare Waschmaschine Sockel",,,Youyijia,"19,99 €","28,99 €",-31%,lieferbar - in 5-6 Werktagen bei dir,Available - at your door in 5-6 working days,,,,,,,,,,,"exclude_keyword:untergestell,sockel,gestell",False
topseller_api,5,436,574,574,574,574,organic,True,S0GGA04Z,S0GGA04ZXDA2,,https://www.otto.de/p/kenekos-zulaufschlauch-kaltwasseranschluss-3-4-zoll-anschluesse-universal-waschmaschine-geschirrspueler-temperatur-25-druck-20-60-bar-S0GGA04Z/,Kenekos Zulaufschlauch Kaltwasseranschluss 3/4 Zoll Anschlüsse universal,,,Kenekos,"6,39 €",,,lieferbar - in 5-6 Werktagen bei dir,Available - at your door in 5-6 working days,,,,,,,,,,,"exclude_keyword:schlauch,anschluss",False
topseller_api,5,436,575,575,575,575,organic,True,S0F4E0RO,S0F4E0ROR5CF,,https://www.otto.de/p/easypart-zahnriemen-wie-electrolux-1323531002-waschmaschine-S0F4E0RO/,easyPART Zahnriemen wie Electrolux 1323531002,,,easyPART,"24,90 €",,,lieferbar - in 2-3 Werktagen bei dir,Available - at your door in 2-3 working days,,,,,,,,,,,missing_ldy_keyword,False
topseller_api,5,436,578,578,578,578,organic,True,S0SE40TQ,S0SE40TQEEA5,,https://www.otto.de/p/easypart-zahnriemen-wie-electrolux-1323531200-keilrippen-riemen-waschmaschine-S0SE40TQ/,easyPART Zahnriemen wie Electrolux 1323531200 Keilrippen Riemen,,,easyPART,"22,90 €",,,lieferbar - in 2-3 Werktagen bei dir,Available - at your door in 2-3 working days,,,,,,,,,,,missing_ldy_keyword,False
topseller_api,5,436,579,579,579,579,organic,True,S0OE10J3,S0OE10J39Y82,,https://www.otto.de/p/clp-waschmaschinenuntergestell-caleb-stabiler-waschturm-aus-metall-S0OE10J3/,CLP Waschmaschinenuntergestell Caleb,,,CLP,"99,90 €","160,90 €",-38%,lieferbar - in 2-3 Werktagen bei dir,Available - at your door in 2-3 working days,1,5.0,,,,,,,,,"exclude_keyword:untergestell,gestell",False
topseller_api,5,436,582,582,582,582,organic,True,S0KGL0UX,S0KGL0UX50CS,,https://www.otto.de/p/gliese-waschmaschinenuntergestell-waschmaschine-untergestell-mit-4-fuessenplus4-raeder-mit-roller-zubehoer-fuer-waschmaschinen-trockner-kuehlschrank-tragfaehigkeit-300-kg-groesse-verstellbar-S0KGL0UX/,GLIESE Waschmaschinenuntergestell Waschmaschine Untergestell mit 4 Füßen+4 Räder mit Roller,,,GLIESE,"26,69 €","41,62 €",-36%,lieferbar - in 3-4 Werktagen bei dir,Available - at your door in 3-4 working days,2,5.0,,,,,,,,,"exclude_keyword:untergestell,gestell",False
topseller_api,5,436,583,583,583,583,organic,True,S0DEN0DO,S0DEN0DO1EZ8,,https://www.otto.de/p/clanmacy-waschmaschinenuntergestell-waschmaschinen-untergestell-schwarz-unterbausockel-63x54x42cm-S0DEN0DO/,Clanmacy Waschmaschinenuntergestell Waschmaschinen Untergestell Schwarz Unterbausockel 63x54x42cm,,,Clanmacy,"54,99 €","84,99 €",-35%,lieferbar - in 4-5 Werktagen bei dir,Available - at your door in 4-5 working days,,,,,,,,,,,"exclude_keyword:untergestell,sockel,gestell",False
topseller_api,5,436,584,584,584,584,organic,True,S0K2S0EH,S0K2S0EHQ4NB,,https://www.otto.de/p/maclean-waschmaschinenuntergestell-mc-890-universeller-rahmen-ausziehplatte-fuer-waschmaschinen-trockner-bis-60kg-S0K2S0EH/,Maclean Waschmaschinenuntergestell MC-890,,,Maclean,"49,10 €","89,00 €",-45%,lieferbar - in 2-3 Werktagen bei dir,Available - at your door in 2-3 working days,3,4.0,,,,,,,,,"exclude_keyword:untergestell,gestell",False
topseller_api,5,436,585,585,585,585,organic,True,S04BO074,S04BO074UTO3,,https://www.otto.de/p/candy-ruehrwerk-trommelrippe-41021913-mitnehmerrippe-1-tlg-fuer-waschmaschine-waschtrockner-S04BO074/,Candy Rührwerk Trommelrippe 41021913 Mitnehmerrippe,,,Candy,"11,83 €",,,lieferbar - in 3-4 Werktagen bei dir,Available - at your door in 3-4 working days,2,5.0,,,,,,,,,missing_ldy_keyword,False
topseller_api,5,436,588,588,588,588,organic,True,459380088,1673135531,,https://www.otto.de/p/fmd-waschmaschinenumbauschrank-olbia-mit-viel-stauraum-2-offene-faecher-hoehenverstellbare-einlegeboeden-459380088/,FMD Waschmaschinenumbauschrank Olbia,,,FMD,"129,99 €","159,00 €",-18%,lieferbar - in  6-8 Werktagen bei dir,Available - at your door in 6-8 working days,284,4.0,,,,,,,,,"exclude_keyword:schrank,umbau",False
topseller_api,5,436,589,589,589,589,organic,True,CS0CH2053,S0CH20533KNX,,https://www.otto.de/p/vidaxl-waschmaschinenumbauschrank-waschmaschinensockel-grau-67-x-67-x-12-cm-edelstahl-1-st-CS0CH2053/,vidaXL Waschmaschinenumbauschrank Waschmaschinensockel Grau 67 x 67 x 12 cm Edelstahl,,,vidaXL,"56,00 €",,,lieferbar - in 5-6 Werktagen bei dir,Available - at your door in 5-6 working days,1,5.0,,,,,,,,,"exclude_keyword:sockel,schrank,umbau",False
topseller_api,5,436,591,591,591,591,organic,True,S0XBW0ED,S0XBW0EDVDBU,,https://www.otto.de/p/maclean-waschmaschinenuntergestell-mc-855-universal-waschmaschinen-untergestell-mit-raedern-fuessen-und-wasserwage-S0XBW0ED/,Maclean Waschmaschinenuntergestell MC-855,,,Maclean,"32,80 €","50,00 €",-34%,lieferbar - in 2-3 Werktagen bei dir,Available - at your door in 2-3 working days,2,3.0,,,,,,,,,"exclude_keyword:untergestell,gestell",False
topseller_api,5,436,592,592,592,592,organic,True,S0ZBI0RB,S0ZBI0RBBRB3,,https://www.otto.de/p/vidaxl-ablaufschlauch-abluftschlauch-pvc-6-m-o10-cm-S0ZBI0RB/,vidaXL Ablaufschlauch Abluftschlauch PVC 6 m Ø10 cm,,,vidaXL,"26,99 €",,,lieferbar - in 3-4 Werktagen bei dir,Available - at your door in 3-4 working days,,,,,,,,,,,exclude_keyword:schlauch,False
topseller_api,5,436,597,597,597,597,organic,True,S0XGM04U,S0XGM04UKGXR,,https://www.otto.de/p/aqualine-waschmaschinenschlauch-waschmaschinenfuellschlauch-mit-winkel-100cm-aqualine-225100-S0XGM04U/,Aqualine Waschmaschinenschlauch Waschmaschinenfüllschlauch mit Winkel 100cm,,,Aqualine,"5,87 €","6,30 €",,lieferbar in 3 Wochen,Available in 3 weeks,,,,,,,,,,,exclude_keyword:schlauch,False
topseller_api,5,436,599,599,599,599,organic,True,S03EP0W5,S03EP0W5YE6P,,https://www.otto.de/p/vioks-dichtungsring-tuermanschette-ersatz-fuer-lg-mds41955002-fuer-waschmaschine-S03EP0W5/,VIOKS Dichtungsring Türmanschette Ersatz für LG MDS41955002,,,VIOKS,"26,29 €",,,lieferbar - in 3-4 Werktagen bei dir,Available - at your door in 3-4 working days,,,,,,,,,,,exclude_keyword:ersatz,False
