source,page_number,page_offset,display_rank,list_position,row_index,target_rank,exposure_type,is_listing_target,product_id,variation_id,origin,product_url,retailer_sku_name,sku_status_raw,sku_status,brand,final_sku_price,original_sku_price,savings,discount_type_raw,discount_type,delivery_availability_raw,delivery_availability,count_of_reviews_listing,average_rating_listing,energy_efficiency_class,energy_label_uri,energy_datasheet_uri,top_infos,sku_popularity_raw,sku_popularity,classify_reason,is_target
topseller_api,1,0,27,27,27,27,organic,True,S07AU0B5,S07AU0B55ENF,,https://www.otto.de/p/lookway-lowboard-colgante-kaschmir-200-cm-tv-schrank-mit-led-beleuchtung-S07AU0B5/,Lookway Lowboard COLGANTE KASCHMIR 200 cm TV-Schrank mit LED Beleuchtung,,,Lookway,"197,10 €","219,00 €",-10%,Nur für kurze Zeit,Only for a short time,lieferbar - in 4-5 Werktagen bei dir,Available - at your door in 4-5 working days,185,4.5,,,,,Sehr beliebt,Very popular,"exclude_keyword:tv-schrank,schrank,lowboard,beleuchtung",False
topseller_api,1,0,79,79,79,79,organic,True,C2033481050,2033481051,,https://www.otto.de/p/hama-tv-wandhalterung-tv-wandhalter-schwenkbar-neigbar-ausziehbar-43-55-58-65-bis-75-bis-75-zoll-von-32-75-zoll-mit-kabelmanager-C2033481050/,"Hama TV-Wandhalterung TV Wandhalter schwenkbar, neigbar, ausziehbar 43, 55, 58, 65, bis 75""",,,Hama,"20,99 €","39,99 €",-48%,nur für kurze Zeit,Only for a short time,lieferbar - in 4-5 Werktagen bei dir,Available - at your door in 4-5 working days,17,4.0,,,,,,,"exclude_keyword:wandhalter,halterung",False
topseller_api,1,0,83,83,83,83,organic,True,1975568110,1975568111,,https://www.otto.de/p/samsung-hw-b410gf-soundbar-soundbar-2-0-bluetooth-20-w-2-0-kanal-surround-sound-system-game-mode-one-remote-control-1975568110/,Samsung HW-B410GF Soundbar Soundbar,,,Samsung,"79,00 €","169,00 €",-53%,nur für kurze Zeit,Only for a short time,lieferbar - in 1-2 Werktagen bei dir,Available - at your door in 1-2 working days,85,4.5,,,,"{""Netzwerkstandard"": ""Bluetooth"", ""Gesamtleistung"": ""20 W"", ""Gewicht"": ""2,1 kg""}",Sehr beliebt,Very popular,exclude_accessory_keyword:soundbar,False
topseller_api,1,0,85,85,85,85,organic,True,S08GC0GB,S08GC0GBN3VN,,https://www.otto.de/p/hisense-l9q-smart-laser-tv-4k-laser-tv-S08GC0GB/,"Hisense L9Q, Smart Laser TV 4K Laser-TV",,,Hisense,"4.599,00 €","5.000,00 €",-8%,,,lieferbar - in 2-3 Werktagen bei dir,Available - at your door in 2-3 working days,,,,,,,,,missing_tv_positive_keyword,False
topseller_api,1,0,87,87,87,87,organic,True,S0B5A06Y,S0B5A06Y9CSO,,https://www.otto.de/p/sonni-tv-schrank-schwarzer-tv-staender-mit-led-beleuchtung-stilvoll-140-180cm-breit-mit-12-led-farben-beleuchtung-tv-board-S0B5A06Y/,SONNI TV-Schrank Schwarzer TV-Ständer mit LED-Beleuchtung Stilvoll 140-180cm breit,,,SONNI,"99,99 €","245,99 €",-59%,,,lieferbar - in 5-6 Werktagen bei dir,Available - at your door in 5-6 working days,36,4.0,,,,,,,"exclude_keyword:tv-schrank,schrank,tv-ständer,ständer,beleuchtung",False
topseller_api,1,0,90,90,90,90,organic,True,C663617356,663617357,,https://www.otto.de/p/sony-ht-sf150-soundbar-stereo-bluetooth-120-w-verbindung-ueber-hdmi-bluetooth-usb-tv-soundsystem-C663617356/,Sony HT-SF150 Soundbar,,,Sony,"90,99 €","149,90 €",-39%,,,lieferbar - in 1-2 Werktagen bei dir,Available - at your door in 1-2 working days,1547,4.5,,,,"{""Netzwerkstandard"": ""Bluetooth"", ""Gesamtleistung"": ""120 W"", ""Gewicht"": ""3,5 kg""}",Sehr beliebt,Very popular,exclude_accessory_keyword:soundbar,False
topseller_api,1,0,93,93,93,93,organic,True,S0EGO0NO,S0EGO0NOJ4IC,,https://www.otto.de/p/wowlink-mini-beamer-unterstuetzt-4k-1080p-projektor-mit-wifi-6-bluetooth-5-4-beamer-200-lm-10000-1-4k-px-automatische-trapezkorrektur-mit-hdmi-tv-stick-laptop-S0EGO0NO/,"wowlink Mini Beamer Unterstützt 4K 1080P, Projektor mit WiFi 6, Bluetooth 5.4 Beamer",,,wowlink,"69,99 €","269,99 €",-74%,,,lieferbar - in 3-4 Werktagen bei dir,Available - at your door in 3-4 working days,,,,,,,,,"exclude_keyword:projektor,beamer",False
topseller_api,1,0,96,96,96,96,organic,True,1975568083,1975568084,,https://www.otto.de/p/samsung-hw-b460gf-zg-soundbar-soundbar-2-1-bluetooth-300-w-2-1-kanal-sound-system-dolby-audio-i-dts-virtual-x-bass-boost-modus-1975568083/,Samsung HW-B460GF/ZG Soundbar Soundbar,,,Samsung,"149,00 €","279,00 €",-47%,,,lieferbar - in 1-2 Werktagen bei dir,Available - at your door in 1-2 working days,39,5.0,,,,"{""Netzwerkstandard"": ""Bluetooth"", ""Gesamtleistung"": ""300 W"", ""Gewicht"": ""6,7 kg""}",Sehr beliebt,Very popular,exclude_accessory_keyword:soundbar,False
topseller_api,1,0,103,103,103,103,organic,True,S0H9U065,S0H9U0651NQK,,https://www.otto.de/p/rosnek-led-stripe-2-5m-rgb-app-fernbedienung-usb-fuer-schlafzimmer-tv-led-hintergrundbeleuchtung-computer-monitore-deko-S0H9U065/,"Rosnek LED Stripe 2/5M, RGB, APP/Fernbedienung, USB, für Schlafzimmer TV",,,Rosnek,"15,29 €","22,00 €",-31%,,,lieferbar - in 8-10 Werktagen bei dir,Available - at your door in 8-10 working days,18,4.0,,,,,,,exclude_keyword:led stripe,False
topseller_api,1,0,105,105,105,105,organic,True,S0EF80CH,S0EF80CHHLWZ,,https://www.otto.de/p/zoomcat-zoomcat-e1-beamer-4k-mit-netflix-zertifizierung-beamer-25000-lm-25000-1-3840x2160-1920x1080-px-elektrische-fokussierung-4d-4p-elektronische-trapezkorrektur-S0EF80CH/,ZOOMCAT E1 Beamer 4K Mit Netflix Zertifizierung Beamer,,,ZOOMCAT,"149,99 €","329,99 €",-55%,,,lieferbar - in 2-3 Werktagen bei dir,Available - at your door in 2-3 working days,60,4.5,,,,,Sehr beliebt,Very popular,exclude_keyword:beamer,False
topseller_api,1,0,107,107,107,107,organic,True,S0JEJ01Y,S0JEJ01Y1DBG,,https://www.otto.de/p/xgody-n6-pro-beamer-4k-mit-netflix-zertifizierung-autofokus-uhd-beamer-700-lm-3840-x-2160-px-700-ansi-px-native-1080p-full-hd-beamer-mit-wifi-6-automatische-trapezkorrektur-S0JEJ01Y/,XGODY N6 Pro Beamer 4K Mit Netflix Zertifizierung(Autofokus) UHD-Beamer,,,XGODY,"134,99 €","399,99 €",-66%,Nur für kurze Zeit,Only for a short time,lieferbar - in 2-3 Werktagen bei dir,Available - at your door in 2-3 working days,30,4.5,,,,,Sehr beliebt,Very popular,exclude_keyword:beamer,False
topseller_api,1,0,116,116,116,116,organic,True,S0MGY0I4,S0MGY0I4CX5Q,,https://www.otto.de/p/zoomcat-mini-beamer-4k-mit-offiziell-zertifizierte-app-mini-beamer-20000-lm-20000-1-3840x2160-1920x1080-px-elektrische-fokussierung-4d-4p-elektronische-trapezkorrektur-S0MGY0I4/,ZOOMCAT Mini Beamer 4K Mit Offiziell zertifizierte App Mini-Beamer,,,ZOOMCAT,"116,59 €","269,99 €",-57%,Nur für kurze Zeit,Only for a short time,lieferbar - in 2-3 Werktagen bei dir,Available - at your door in 2-3 working days,17,5.0,,,,,,,exclude_keyword:beamer,False
topseller_api,1,0,117,117,117,117,organic,True,1678101599,1678101600,,https://www.otto.de/p/jbl-bar-800-pro-soundbar-wlan-720-w-1678101599/,JBL Bar 800 Pro Soundbar,,,JBL,"429,00 €","899,99 €",-52%,nur für kurze Zeit,Only for a short time,lieferbar - in 2-3 Werktagen bei dir,Available - at your door in 2-3 working days,97,5.0,,,,"{""Netzwerkstandard"": ""WLAN"", ""Gesamtleistung"": ""720 W"", ""Gewicht"": ""4 kg""}",Sehr beliebt,Very popular,exclude_accessory_keyword:soundbar,False
topseller_api,2,109,123,123,123,123,organic,True,C1582142828,1582142829,,https://www.otto.de/p/hama-tv-wandhalterung-halterung-schwenkbar-neigbar-48-122-cm-19-48-bis-48-zoll-max-20-kg-C1582142828/,"Hama TV-Wandhalterung Halterung, schwenkbar, neigbar 48 - 122 cm (19"" - 48)",,,Hama,"24,95 €","32,99 €",-24%,,,lieferbar - in 4-5 Werktagen bei dir,Available - at your door in 4-5 working days,951,4.5,,,,,Sehr beliebt,Very popular,"exclude_keyword:wandhalter,halterung",False
topseller_api,2,109,131,131,131,131,organic,True,S0ZAP0XC,S0ZAP0XC5MPJ,,https://www.otto.de/p/xoro-ptl-1015-v2-10-1-zoll-tragbarer-fernseher-mit-dvb-t2-h-265-hevc-tuner-portabler-monitor-25-6-cm-10-1-1024-600-px-hd-ready-lcd-mit-led-backlight-tragbarer-10-1-dvb-t2-fernseher-mit-akku-hdmi-und-mediaplayer-S0ZAP0XC/,Xoro PTL 1015 V2 10.1 Zoll Tragbarer Fernseher mit DVB-T2 H.265/HEVC Tuner Portabler Monitor,,,Xoro,"129,00 €","219,90 €",-41%,,,lieferbar - in 3-4 Werktagen bei dir,Available - at your door in 3-4 working days,5,4.0,D,https://i.otto.de/i/otto/f8d5da56-2ed2-42ea-ba84-986090fb0d34?$dv_energieetikett$,https://d.otto.de/files/641b18f1-5db7-4184-87fc-6d59abf29882.pdf,"{""Diagonale"": ""25,6 cm/ 10.1 Zoll"", ""Auflösung"": ""1024 × 600 px, HD Ready""}",,,exclude_keyword:monitor,False
topseller_api,2,109,146,146,146,146,organic,True,S08GO0HJ,S08GO0HJJ71D,,https://www.otto.de/p/wowlink-smart-tv-os-hdr10plus-3d-sound-4k-beamer-mit-wifi-6-beamer-580-lm-20000-1-4k-px-bluetooth-5-4-built-in-smart-os-apps-auto-focus-keystone-S08GO0HJ/,wowlink [Smart TV OS & HDR10+ & 3D Sound] 4K Beamer mit WiFi 6 Beamer,,,wowlink,"138,99 €","499,99 €",-72%,,,lieferbar - in 3-4 Werktagen bei dir,Available - at your door in 3-4 working days,2,4.5,,,,,,,exclude_keyword:beamer,False
topseller_api,2,109,148,148,148,148,organic,True,1796571337,1796571338,,https://www.otto.de/p/bose-smart-ultra-soundbar-plus-bass-module-700-5-1-soundsystem-bluetooth-wlan-multiroom-1796571337/,Bose Smart Ultra Soundbar + Bass Module 700 5.1 Soundsystem,,,Bose,"1.309,00 €","1.899,90 €",-31%,nur für kurze Zeit,Only for a short time,lieferbar - in 1-2 Werktagen bei dir,Available - at your door in 1-2 working days,67,5.0,,,,"{""Netzwerkstandard"": ""Bluetooth, WLAN, Multiroom"", ""Gewicht"": ""19,36 kg"", ""Sprachsteuerung"": ""Alexa, Google Assistant""}",,,exclude_accessory_keyword:soundbar,False
topseller_api,2,109,153,153,153,153,organic,True,S0XIS0JI,STGR7FE41JNX,,https://www.otto.de/p/zoomcat-2026-neuer-smart-beamer-4k-heimkino-mit-offiziell-netflix-autofokus-beamer-28000-lm-3840x2160-px-auto-fokus-auto-trapezkorrektur-auto-hindernisvermeidung-S0XIS0JI/,ZOOMCAT 2026 Neuer Smart Beamer 4K Heimkino mit Offiziell Netflix (Autofokus) Beamer,,,ZOOMCAT,"152,99 €","299,99 €",-49%,Nur für kurze Zeit,Only for a short time,lieferbar - in 2-3 Werktagen bei dir,Available - at your door in 2-3 working days,18,4.5,,,,,,,exclude_keyword:beamer,False
topseller_api,2,109,156,156,156,156,organic,True,C1682625802,1682625803,,https://www.otto.de/p/jbl-bar-2-1-deep-bass-mk2-soundbar-300-w-C1682625802/,JBL Bar 2.1 Deep Bass (MK2) Soundbar,,,JBL,"219,00 €","379,99 €",-42%,nur für kurze Zeit,Only for a short time,lieferbar - in 2-3 Werktagen bei dir,Available - at your door in 2-3 working days,142,4.5,,,,"{""Gesamtleistung"": ""300 W"", ""Gewicht"": ""11 kg""}",Sehr beliebt,Very popular,exclude_accessory_keyword:soundbar,False
topseller_api,2,109,157,157,157,157,organic,True,S0QBW0F2,S0QBW0F2B22U,,https://www.otto.de/p/oylcdi-android-beamer-wifi6-bt-5-0-portabler-projektor-mini-beamer-lcd-beamer-1280x720dpi-px-winkel-um-90-grad-verstellbar-unterstuetzt-hdmi-usb-pc-tv-box-S0QBW0F2/,OYLCDI Android Beamer WiFi6 & BT 5.0 Portabler Projektor Mini Beamer LCD-Beamer,,,OYLCDI,"65,99 €","139,99 €",-53%,,,lieferbar - in 3-4 Werktagen bei dir,Available - at your door in 3-4 working days,51,4.5,,,,,Sehr beliebt,Very popular,"exclude_keyword:projektor,beamer",False
topseller_api,2,109,158,158,158,158,organic,True,S0PFU03G,S0PFU03G6BCE,,https://www.otto.de/p/etoe-starfish-plus-google-tv-1080p-projektor-mit-nachttischlampe-lcd-beamer-3000-1-1920-1080-px-140-drehung-automatische-trapezkorrektur-integriertes-chromecast-S0PFU03G/,ETOE Starfish plus Google TV 1080P Projektor mit Nachttischlampe LCD-Beamer,,,ETOE,"169,00 €","389,00 €",-57%,,,lieferbar - in 3-4 Werktagen bei dir,Available - at your door in 3-4 working days,,,,,,,,,"exclude_keyword:projektor,beamer",False
topseller_api,2,109,167,167,167,167,organic,True,C1364158277,1364158278,,https://www.otto.de/p/sony-ht-s40r-kanal-soundbar-5-1-bluetooth-600-w-inkl-kabelgebundenem-subwoofer-kabellosen-rear-lautsprechern-C1364158277/,Sony HT-S40R Kanal- Soundbar,,,Sony,"308,14 €","399,00 €",-23%,,,lieferbar - in 1-2 Werktagen bei dir,Available - at your door in 1-2 working days,314,4.5,,,,"{""Netzwerkstandard"": ""Bluetooth"", ""Gesamtleistung"": ""600 W"", ""Gewicht"": ""9,8 kg""}",Sehr beliebt,Very popular,exclude_accessory_keyword:soundbar,False
topseller_api,2,109,171,171,171,171,organic,True,S09A20K5,S09A20K5WXNJ,,https://www.otto.de/p/ultimea-apollo-s40-soundbar-2-2-kanal-bluetooth-5-3-100-w-teilbare-2-in-1-soundbar-mit-3-eq-modi-und-verstellbarem-bass-S09A20K5/,Ultimea Apollo S40 Soundbar,,,Ultimea,"89,99 €","129,99 €",-31%,,,lieferbar - in 5-6 Werktagen bei dir,Available - at your door in 5-6 working days,72,4.5,,,,"{""Netzwerkstandard"": ""Bluetooth 5.3"", ""Gesamtleistung"": ""100 W"", ""Gewicht"": ""3,70 kg""}",Sehr beliebt,Very popular,exclude_accessory_keyword:soundbar,False
topseller_api,2,109,177,177,177,177,organic,True,S06F102O,S06F102ONAS7,,https://www.otto.de/p/wlive-tv-schrank-135-160-cm-lowboard-mit-rgb-led-fuer-fernseher-bis-60-65-70-zoll-20-farben-rgb-fernsehschrank-fuer-wohnzimmer-schlafzimmer-modernes-tv-board-hochglanz-schwarz-S06F102O/,WLIVE TV-Schrank 135/160 cm Lowboard mit RGB-LED für Fernseher bis 60/65/70 Zoll,,,WLIVE,"92,99 €","169,99 €",-45%,,,lieferbar - in 5-6 Werktagen bei dir,Available - at your door in 5-6 working days,30,3.5,,,,,,,"exclude_keyword:tv-schrank,schrank,lowboard",False
topseller_api,2,109,182,182,182,182,organic,True,C1852922567,1852922568,,https://www.otto.de/p/philips-tab5309-10-2-1-soundbar-bluetooth-120-w-C1852922567/,Philips TAB5309/10 Soundbar,,,Philips,"100,22 €","199,99 €",-50%,,,lieferbar - in 1-2 Werktagen bei dir,Available - at your door in 1-2 working days,122,4.5,,,,"{""Netzwerkstandard"": ""Bluetooth"", ""Gesamtleistung"": ""120 W"", ""Gewicht"": ""5,05 kg""}",Sehr beliebt,Very popular,exclude_accessory_keyword:soundbar,False
topseller_api,2,109,185,185,185,185,organic,True,1856064952,1856064953,,https://www.otto.de/p/bose-solo-soundbar-serie-ii-stereo-soundbar-bluetooth-1856064952/,Bose Solo Soundbar Serie II Soundbar,,,Bose,"159,00 €","199,95 €",-20%,nur für kurze Zeit,Only for a short time,lieferbar - in 1-2 Werktagen bei dir,Available - at your door in 1-2 working days,107,4.5,,,,"{""Netzwerkstandard"": ""Bluetooth"", ""Gewicht"": ""1,7 kg""}",Sehr beliebt,Very popular,exclude_accessory_keyword:soundbar,False
topseller_api,2,109,186,186,186,186,organic,True,S08GM0VG,S08GM0VGVO0D,,https://www.otto.de/p/xgody-2026-neu-tragbarer-projektor-gimbal-3pro-4k-android-14-wifi6-bt-5-4-mini-beamer-260-lm-1500-1-3840-x-2160-px-android-14-os-mit-app-store-youtube-netflix-prime-video-etc-S08GM0VG/,XGODY 2026 Neu Tragbarer Projektor Gimbal 3Pro 4K Android 14 Wifi6 BT 5.4 Mini-Beamer,,,XGODY,"49,99 €","129,99 €",-62%,,,lieferbar - in 2-3 Werktagen bei dir,Available - at your door in 2-3 working days,6,4.5,,,,,,,"exclude_keyword:projektor,beamer",False
topseller_api,2,109,196,196,196,196,organic,True,S0OGR0N5,S0OGR0N5JBP9,,https://www.otto.de/p/ameela-ameela-ac321-beamer-4k-mit-netflix-und-dolby-audio-autofokus-beamer-30000-lm-10000-1-3840x2160-px-netflix-zertifizierung-S0OGR0N5/,AMEELA AC321 Beamer 4K Mit Netflix und Dolby Audio (Autofokus) Beamer,,,AMEELA,"149,99 €","399,99 €",-63%,,,lieferbar - in 2-3 Werktagen bei dir,Available - at your door in 2-3 working days,3,5.0,,,,,,,exclude_keyword:beamer,False
topseller_api,2,109,203,203,203,203,organic,True,S0BGY0NG,S0BGY0NG4LCY,,https://www.otto.de/p/oyajia-lowboard-tv-schrank-fernsehschrank-mit-rgb-led-stilvoll-tv-schrank-mit-verstellbarem-regalen-und-viel-stauraum-140x34x63cm-fuer-wohnzimmer-schlafzimmer-fuer-fernseher-bis-65-zoll-S0BGY0NG/,"oyajia Lowboard TV-Schrank, Fernsehschrank mit RGB-LED Stilvoll",,,oyajia,"62,99 €","179,99 €",-65%,,,lieferbar - in 3-4 Werktagen bei dir,Available - at your door in 3-4 working days,1,4.0,,,,,,,"exclude_keyword:tv-schrank,fernsehschrank,schrank,lowboard",False
topseller_api,2,109,205,205,205,205,organic,True,C1133858591,1133858592,,https://www.otto.de/p/sony-ht-s20r-kanal-tv-soundbar-5-1-bluetooth-400-w-subwoofer-surround-sound-dolby-digital-C1133858591/,Sony HT-S20R Kanal TV Soundbar,,,Sony,"200,02 €","249,00 €",-20%,,,lieferbar - in 1-2 Werktagen bei dir,Available - at your door in 1-2 working days,403,4.5,,,,"{""Netzwerkstandard"": ""Bluetooth"", ""Gesamtleistung"": ""400 W"", ""Gewicht"": ""8,9 kg""}",Sehr beliebt,Very popular,exclude_accessory_keyword:soundbar,False
topseller_api,2,109,207,207,207,207,organic,True,1136453785,1136453786,,https://www.otto.de/p/bose-tv-speaker-kompakte-soundbar-mit-bluetooth-verbindung-soundbar-bluetooth-kompatible-mit-bass-modul-500-dialogmodus-1136453785/,Bose TV Speaker kompakte Soundbar mit Bluetooth-Verbindung Soundbar,,,Bose,"225,39 €","299,95 €",-25%,,,lieferbar - in 1-2 Werktagen bei dir,Available - at your door in 1-2 working days,733,4.5,,,,"{""Netzwerkstandard"": ""Bluetooth"", ""Gewicht"": ""1,96 kg""}",Sehr beliebt,Very popular,exclude_accessory_keyword:soundbar,False
topseller_api,2,109,210,210,210,210,organic,True,S0BFF0MZ,S0BFF0MZSOHT,,https://www.otto.de/p/wlive-tv-schrank-tv-lowboard-mit-rgb-led-beleuchtung-soft-close-122-170-36-45-cm-tv-board-mit-schraenken-und-2-freiflaechen-grosser-stauraum-fernsehschrank-mit-klapptuer-schwarz-S0BFF0MZ/,"WLIVE TV-Schrank TV-Lowboard mit RGB-LED-Beleuchtung & Soft-Close, 122/170 × 36 × 45 cm",,,WLIVE,"85,99 €","139,99 €",-39%,,,lieferbar - in 5-6 Werktagen bei dir,Available - at your door in 5-6 working days,14,4.5,,,,,,,"exclude_keyword:tv-schrank,schrank,lowboard,beleuchtung",False
topseller_api,2,109,216,216,216,216,organic,True,S0KDS0RY,S0KDS0RYPNV6,,https://www.otto.de/p/wilgoon-tv-schrank-fernsehkommode-hochglanz-tv-schrank-mit-16-farben-led-beleuchtung-fernsehschrank-1-st-2-offenes-regalfach-3-ablagen-mit-griff-klapptueren-tv-board-fernsehkommode-160cm-tv-schrank-in-wohnzimmer-fuer-tv-bis-65-S0KDS0RY/,"WILGOON TV-Schrank Fernsehkommode, Hochglanz TV Schrank, mit 16 Farben LED Beleuchtung",,,WILGOON,"112,99 €","199,00 €",-43%,,,lieferbar - in 3-4 Werktagen bei dir,Available - at your door in 3-4 working days,14,4.5,,,,,,,"exclude_keyword:tv-schrank,schrank,beleuchtung",False
topseller_api,2,109,217,217,217,217,organic,True,C2019095796,S07F50RS1UXI,,https://www.otto.de/p/tonies-toniebox-2-starter-set-lautsprecher-stereo-bluetooth-wlan-42-w-C2019095796/,tonies Toniebox 2 Starter Set Lautsprecher,,,tonies,"119,49 €",,,,,lieferbar - in 3-4 Werktagen bei dir,Available - at your door in 3-4 working days,89,4.5,,,,"{""Netzwerkstandard"": ""Bluetooth, WLAN"", ""Gesamtleistung"": ""42 W"", ""Gewicht"": ""0,81 kg""}",,,missing_tv_positive_keyword,False
topseller_api,2,109,218,218,218,218,organic,True,1788279042,1788279043,,https://www.otto.de/p/bose-smart-ultra-soundbar-mit-dolby-atmos-soundbar-5-1-bluetooth-wlan-multiroom-multiroom-immersive-sound-alexa-airplay-2-simple-sync-1788279042/,Bose Smart Ultra Soundbar mit Dolby Atmos Soundbar,,,Bose,"758,89 €","999,95 €",-24%,,,lieferbar - in 1-2 Werktagen bei dir,Available - at your door in 1-2 working days,93,4.5,,,,"{""Netzwerkstandard"": ""Bluetooth, WLAN, Multiroom"", ""Gewicht"": ""5,75 kg"", ""Sprachsteuerung"": ""Alexa, Google Assistant""}",Sehr beliebt,Very popular,exclude_accessory_keyword:soundbar,False
topseller_api,2,109,224,224,224,224,organic,True,S0QEZ092,S0QEZ0926USK,,https://www.otto.de/p/ckeyin-lcd-beamer-4k-1080p-projektor-unterstuetzt-netflix-youtube-lcd-beamer-12000-lm-1280-720-px-autofokus-beamer-augenschonender-projektor-wifi-2-4g-5g-android-11-S0QEZ092/,CkeyiN LCD-Beamer 4K 1080P Projektor unterstützt Netflix Youtube LCD-Beamer,,,CkeyiN,"79,99 €","159,99 €",-50%,,,lieferbar - in 2-3 Werktagen bei dir,Available - at your door in 2-3 working days,25,4.5,,,,,Sehr beliebt,Very popular,"exclude_keyword:projektor,beamer",False
topseller_api,2,109,227,227,227,227,organic,True,S09F70J0,S09F70J0G9RI,,https://www.otto.de/p/zoomcat-zoomcat-c12-beamer-4k-mit-netflix-zertifizierung-beamer-28000-lm-28000-1-3840x2160-px-auto-fokus-auto-trapezkorrektur-auto-hindernisvermeidung-S09F70J0/,ZOOMCAT C12 Beamer 4K Mit Netflix Zertifizierung Beamer,,,ZOOMCAT,"149,99 €","299,99 €",-50%,Nur für kurze Zeit,Only for a short time,lieferbar - in 2-3 Werktagen bei dir,Available - at your door in 2-3 working days,40,4.5,,,,,Sehr beliebt,Very popular,exclude_keyword:beamer,False
topseller_api,2,109,232,232,232,232,organic,True,S0RH300N,S0RH300N4JKE,,https://www.otto.de/p/einyoumily-beamer-4k-mit-netflix-zertifizierung-elektrischer-fokus-heimkino-beamer-28000-lm-10000-1-3840x2160-px-full-hd-S0RH300N/,Einyoumily Beamer 4K Mit Netflix Zertifizierung Elektrischer Fokus Heimkino Beamer,,,Einyoumily,"107,99 €","299,99 €",-64%,Nur für kurze Zeit,Only for a short time,lieferbar - in 2-3 Werktagen bei dir,Available - at your door in 2-3 working days,12,5.0,,,,,,,exclude_keyword:beamer,False
topseller_api,2,109,235,235,235,235,organic,True,S0VGY04J,S0VGY04J9AN2,,https://www.otto.de/p/zoomcat-beamer-4k-mit-netflix-zertifizierung-2026-upgrade-uhd-wifi6-heimkino-beamer-25000-lm-25000-1-3840x2160-1920x1080-px-elektrische-fokus-S0VGY04J/,ZOOMCAT Beamer 4K Mit Netflix Zertifizierung 2026 Upgrade UHD Wifi6 Heimkino Beamer,,,ZOOMCAT,"149,99 €","349,99 €",-57%,,,lieferbar - in 2-3 Werktagen bei dir,Available - at your door in 2-3 working days,21,5.0,,,,,Sehr beliebt,Very popular,exclude_keyword:beamer,False
topseller_api,2,109,240,240,240,240,organic,True,C1863121071,1863121072,,https://www.otto.de/p/hisense-hs2000-2-1-kanal-soundbar-mit-integriertem-subwoofer-2-1-soundsystem-2-1-240-w-C1863121071/,Hisense HS2000 2.1 Kanal Soundbar mit integriertem Subwoofer 2.1 Soundsystem,,,Hisense,"94,99 €","129,00 €",-26%,,,lieferbar - in 1-2 Werktagen bei dir,Available - at your door in 1-2 working days,160,4.5,,,,"{""Gesamtleistung"": ""240 W"", ""Gewicht"": ""2,22 kg""}",Sehr beliebt,Very popular,exclude_accessory_keyword:soundbar,False
topseller_api,3,218,243,243,243,243,organic,True,S0PFW041,S0PFW041QKFW,,https://www.otto.de/p/oyajia-lowboard-led-tv-schrank-mit-led-beleuchtung-stehend-lowboard-150cm-fuer-fernseher-bis-55-zoll-S0PFW041/,oyajia Lowboard LED TV-Schrank,,,oyajia,"106,99 €","229,99 €",-53%,,,lieferbar - in 3-4 Werktagen bei dir,Available - at your door in 3-4 working days,6,4.5,,,,,,,"exclude_keyword:tv-schrank,schrank,lowboard",False
topseller_api,3,218,245,245,245,245,organic,True,S0XIS0JI,STGR7FE41JNX,,https://www.otto.de/p/zoomcat-2026-neuer-smart-beamer-4k-heimkino-mit-offiziell-netflix-autofokus-beamer-28000-lm-3840x2160-px-auto-fokus-auto-trapezkorrektur-auto-hindernisvermeidung-S0XIS0JI/,ZOOMCAT 2026 Neuer Smart Beamer 4K Heimkino mit Offiziell Netflix (Autofokus) Beamer,,,ZOOMCAT,"152,99 €","299,99 €",-49%,Nur für kurze Zeit,Only for a short time,lieferbar - in 2-3 Werktagen bei dir,Available - at your door in 2-3 working days,18,4.5,,,,,,,exclude_keyword:beamer,False
topseller_api,3,218,250,250,250,250,organic,True,S0BGC0HN,S0BGC0HNKMIU,,https://www.otto.de/p/xgimi-mogo-2-pro-new-tragbar-beamer-1080p-google-tv-portabler-projektor-1920-x1080-1080p-px-lizenziert-von-netflix-430-iso-lumen-tragbarer-projektor-S0BGC0HN/,"XGIMI MoGo 2 Pro (New) Tragbar Beamer,1080P, Google TV Portabler Projektor",,,XGIMI,"309,00 €","449,00 €",-31%,,,lieferbar - in 5-6 Werktagen bei dir,Available - at your door in 5-6 working days,,,,,,,,,"exclude_keyword:projektor,beamer",False
topseller_api,3,218,251,251,251,251,organic,True,S0VGY04J,S0VGY04J9AN2,,https://www.otto.de/p/zoomcat-beamer-4k-mit-netflix-zertifizierung-2026-upgrade-uhd-wifi6-heimkino-beamer-25000-lm-25000-1-3840x2160-1920x1080-px-elektrische-fokus-S0VGY04J/,ZOOMCAT Beamer 4K Mit Netflix Zertifizierung 2026 Upgrade UHD Wifi6 Heimkino Beamer,,,ZOOMCAT,"149,99 €","349,99 €",-57%,,,lieferbar - in 2-3 Werktagen bei dir,Available - at your door in 2-3 working days,21,5.0,,,,,Sehr beliebt,Very popular,exclude_keyword:beamer,False
topseller_api,3,218,254,254,254,254,organic,True,C1133858591,1133858592,,https://www.otto.de/p/sony-ht-s20r-kanal-tv-soundbar-5-1-bluetooth-400-w-subwoofer-surround-sound-dolby-digital-C1133858591/,Sony HT-S20R Kanal TV Soundbar,,,Sony,"200,02 €","249,00 €",-20%,,,lieferbar - in 1-2 Werktagen bei dir,Available - at your door in 1-2 working days,403,4.5,,,,"{""Netzwerkstandard"": ""Bluetooth"", ""Gesamtleistung"": ""400 W"", ""Gewicht"": ""8,9 kg""}",Sehr beliebt,Very popular,exclude_accessory_keyword:soundbar,False
topseller_api,3,218,255,255,255,255,organic,True,S0NC20HP,S0NC20HPBXP0,,https://www.otto.de/p/magcubic-magcubic-tragbarer-projektor-beamer-hy300-pro-4k-android-11-wifi6-bt-5-portabler-projektor-8000-lm-1500-1-3840-x-2160-px-bt-5-0-4k-1080p-unterstuetzt-S0NC20HP/,Magcubic Tragbarer Projektor Beamer HY300 Pro 4K Android 11 Wifi6 BT 5 Portabler Projektor,,,Magcubic,"57,99 €","99,99 €",-42%,,,lieferbar - in 2-3 Werktagen bei dir,Available - at your door in 2-3 working days,66,4.0,,,,,,,"exclude_keyword:projektor,beamer",False
topseller_api,3,218,257,257,257,257,organic,True,CS07GJ00Z,S0WDH0KVS9TQ,,https://www.otto.de/p/hama-tv-staender-tv-deckenhalterung-32-bis-65-deckenhalter-bis-65-zoll-tv-halterung-halter-fuer-decke-dachschraege-schrank-kueche-unterschrank-CS07GJ00Z/,"Hama TV-Ständer TV Deckenhalterung 32"" bis 65"" Deckenhalter",,,Hama,"33,90 €","85,00 €",-60%,,,lieferbar - in 2-3 Werktagen bei dir,Available - at your door in 2-3 working days,5,5.0,,,,,,,"exclude_keyword:halterung,tv-ständer,ständer",False
topseller_api,3,218,259,259,259,259,organic,True,S0B7N07A,S0B7N07AJ5RI,,https://www.otto.de/p/sonni-tv-schrank-schwarzer-wandhalter-minimalistischer-tv-staender-mit-led-beleuchtung-S0B7N07A/,SONNI TV-Schrank Schwarzer Wandhalter Minimalistischer TV-Ständer mit LED-Beleuchtung,,,SONNI,"99,99 €","235,99 €",-58%,,,lieferbar - in 5-6 Werktagen bei dir,Available - at your door in 5-6 working days,9,3.5,,,,,,,"exclude_keyword:wandhalter,tv-schrank,schrank,tv-ständer,ständer,beleuchtung",False
topseller_api,3,218,263,263,263,263,organic,True,S0QEZ092,S0QEZ0926USK,,https://www.otto.de/p/ckeyin-lcd-beamer-4k-1080p-projektor-unterstuetzt-netflix-youtube-lcd-beamer-12000-lm-1280-720-px-autofokus-beamer-augenschonender-projektor-wifi-2-4g-5g-android-11-S0QEZ092/,CkeyiN LCD-Beamer 4K 1080P Projektor unterstützt Netflix Youtube LCD-Beamer,,,CkeyiN,"79,99 €","159,99 €",-50%,,,lieferbar - in 2-3 Werktagen bei dir,Available - at your door in 2-3 working days,25,4.5,,,,,Sehr beliebt,Very popular,"exclude_keyword:projektor,beamer",False
topseller_api,3,218,273,273,273,273,organic,True,C2006929872,2006929873,,https://www.otto.de/p/lg-24u421a-curved-led-monitor-60-cm-24-1920-x-1080-px-full-hd-5-ms-reaktionszeit-100-hz-va-led-24-zoll-full-hd-mit-usb-c-C2006929872/,LG 24U421A Curved-LED-Monitor,,,LG,"78,09 €","149,00 €",-48%,,,lieferbar - in 1-2 Werktagen bei dir,Available - at your door in 1-2 working days,4,4.5,E,https://i.otto.de/i/otto/2c108cb1-e577-524b-837e-bc143f800c54?$dv_energieetikett$,https://d.otto.de/files/9aed09f4-0d3a-5725-9649-89b681f84fc8.pdf,"{""Diagonale"": ""60 cm/ 24 Zoll"", ""Auflösung"": ""1920 x 1080 px, Full HD"", ""Reaktionszeit"": ""5 ms"", ""Bildwiederholfrequenz"": ""100 Hz""}",,,exclude_keyword:monitor,False
topseller_api,3,218,277,277,277,277,organic,True,S0VF00DS,S0VF00DSV4SM,,https://www.otto.de/p/rfiver-tv-staender-rollbar-tv-wagen-auf-rollen-fuer-26-65-zoll-fernseher-fernsehstaender-bis-65-zoll-1-tlg-drehbarer-tv-staender-tv-standfuss-hoehenverstellbar-neigbar-max-35-kg-vesa-400x400-mm-S0VF00DS/,"Rfiver TV-Ständer Rollbar TV Wagen auf Rollen für 26-65 Zoll Fernseher, Fernsehständer",,,Rfiver,"64,99 €","99,99 €",-35%,,,lieferbar - in 4-5 Werktagen bei dir,Available - at your door in 4-5 working days,8,4.0,,,,,,,"exclude_keyword:tv-ständer,ständer",False
topseller_api,3,218,281,281,281,281,organic,True,S0RCK0GY,SZLF7WJ81QIT,,https://www.otto.de/p/ultimea-aura-s4t-7-1-soundsystem-surround-soundbar-hdmi-bluetooth-350-w-soundbar-fuer-tv-geraete-mit-app-steuerung-S0RCK0GY/,Ultimea Aura S4T 7.1 Soundsystem,,,Ultimea,"169,99 €","199,99 €",-15%,,,lieferbar - in 4-5 Werktagen bei dir,Available - at your door in 4-5 working days,45,4.0,,,,"{""Netzwerkstandard"": ""HDMI, Bluetooth"", ""Gesamtleistung"": ""350 W""}",Sehr beliebt,Very popular,missing_tv_positive_keyword,False
topseller_api,3,218,285,285,285,285,organic,True,C2003538578,2003538579,,https://www.otto.de/p/philips-philips-monitor-24e2n1100lb-24-zoll-full-hd-bildschirm-tft-monitor-1920-x-1080-pixel-full-hd-px-1920-x-1080-pixel-full-hd-4-ms-reaktionszeit-full-hd-ergonomisches-neigedesign-C2003538578/,Philips 24E2N1100LB LCD-Monitor,,,Philips,"65,37 €","99,00 €",-34%,,,lieferbar - in 2-3 Werktagen bei dir,Available - at your door in 2-3 working days,10,4.5,E,https://i.otto.de/i/otto/8f12b7d1-5775-5ef2-ba89-efc6e2e73ac3?$dv_energieetikett$,https://d.otto.de/files/60b9f31b-f653-51f6-b10e-1c0f33e83033.pdf,"{""Diagonale"": ""60,5 cm/ 24 Zoll"", ""Auflösung"": ""1920 x 1080 px, Full HD"", ""Reaktionszeit"": ""1 ms"", ""Bildwiederholfrequenz"": ""100 Hz""}",,,exclude_keyword:monitor,False
topseller_api,3,218,289,289,289,289,organic,True,S00FR0RB,S00FR0RB39EP,,https://www.otto.de/p/redragon-gs560-rgb-soundbar-schwarz-satter-klang-soundbar-4-led-modi-plug-play-via-3-5mmplususb-fuer-pc-tv-laptop-S00FR0RB/,Redragon GS560 RGB Soundbar Schwarz – Satter Klang Soundbar,,,Redragon,"39,99 €","57,99 €",-31%,,,lieferbar - in 4-5 Werktagen bei dir,Available - at your door in 4-5 working days,2,3.0,,,,"{""Gewicht"": ""0,92 kg""}",,,exclude_accessory_keyword:soundbar,False
topseller_api,3,218,290,290,290,290,organic,True,CS02GN068,S02GN068XJ92,,https://www.otto.de/p/hdplus-streaming-stick-ip-tv-stick-android-tv-inkl-3-monate-hdplus-ip-4k-uhd-CS02GN068/,"HD+ Streaming-Stick IP TV-Stick, Android TV",,,HD+,"57,95 €","69,00 €",-16%,Nur für kurze Zeit,Only for a short time,lieferbar - in 2-3 Werktagen bei dir,Available - at your door in 2-3 working days,16,4.0,,,,,,,exclude_keyword:streaming-stick,False
topseller_api,3,218,295,295,295,295,organic,True,S0IG00EL,S0IG00ELQ7M9,,https://www.otto.de/p/oscal-pv800-pro-1400-ansi-lumen-4k-google-tv-mit-netflix-wifi-6-led-beamer-1400-lm-google-tv-wifi-6-auto-fokus-auto-keystone-bt-5-0-4000-1-kontrast-S0IG00EL/,"OSCAL PV800 PRO: 1400 ANSI Lumen, 4K, Google TV mit Netflix, WiFi 6 LED-Beamer",,,OSCAL,"219,99 €","359,99 €",-39%,,,lieferbar - in 2-3 Werktagen bei dir,Available - at your door in 2-3 working days,9,4.5,,,,,,,exclude_keyword:beamer,False
topseller_api,3,218,298,298,298,298,organic,True,C1364158277,1364158278,,https://www.otto.de/p/sony-ht-s40r-kanal-soundbar-5-1-bluetooth-600-w-inkl-kabelgebundenem-subwoofer-kabellosen-rear-lautsprechern-C1364158277/,Sony HT-S40R Kanal- Soundbar,,,Sony,"308,14 €","399,00 €",-23%,,,lieferbar - in 1-2 Werktagen bei dir,Available - at your door in 1-2 working days,314,4.5,,,,"{""Netzwerkstandard"": ""Bluetooth"", ""Gesamtleistung"": ""600 W"", ""Gewicht"": ""9,8 kg""}",Sehr beliebt,Very popular,exclude_accessory_keyword:soundbar,False
topseller_api,3,218,300,300,300,300,organic,True,C1900586554,S0B2F0PJNMDO,,https://www.otto.de/p/one-for-all-ersatzfernbedienung-urc-1915-fuer-grundig-tv-fernbedienung-1-in-1-C1900586554/,One For All Ersatzfernbedienung URC 1915 für Grundig TV Fernbedienung,,,One For All,"28,99 €",,,,,lieferbar - in 2-3 Werktagen bei dir,Available - at your door in 2-3 working days,16,4.5,,,,,,,exclude_accessory_keyword:fernbedienung,False
topseller_api,3,218,308,308,308,308,organic,True,S07CW0O7,S07CW0O7UYPV,,https://www.otto.de/p/xgody-android-14-smart-projektor-2026-upgrade-8k-dekodierung-lcd-beamer-350-lm-1000-1-3840-x-2160-px-h726-chip-auto-keystone-correction-180-drehbar-bt-5-4-wifi-6-S07CW0O7/,XGODY Android 14 Smart Projektor 2026 Upgrade 8K-Dekodierung LCD-Beamer,,,XGODY,"59,99 €","199,99 €",-70%,,,lieferbar - in 3-4 Werktagen bei dir,Available - at your door in 3-4 working days,18,4.0,,,,,,,"exclude_keyword:projektor,beamer",False
topseller_api,3,218,310,310,310,310,organic,True,S0PFI09Y,S0PFI09Y8611,,https://www.otto.de/p/xgody-android-14-projektor-unterstuetzt-4k-8k-decodierung-wifi-6-bt-5-4-mini-beamer-300-lm-8000-1-3840-x-2860-px-ki-auto-keystone-180-dreh-tragbarer-beamer-heimkino-mit-tv-stick-S0PFI09Y/,"XGODY Android 14 Projektor Unterstützt 4K/8K-Decodierung,WiFi 6, BT 5.4 Mini-Beamer",,,XGODY,"59,99 €","189,99 €",-68%,,,lieferbar - in 2-3 Werktagen bei dir,Available - at your door in 2-3 working days,11,4.0,,,,,,,"exclude_keyword:projektor,beamer",False
topseller_api,3,218,316,316,316,316,organic,True,S0UCX00F,S0UCX00FTM92,,https://www.otto.de/p/xgody-native-1080p-projektor-4k-mit-netflix-zertifizierung-autofokus-mini-beamer-450-lm-1500-1-3840-x-2160-1920x1080-px-mit-automatische-trapezkorrektur-wifi-6plusbt-5-4-sprachsteuerung-S0UCX00F/,XGODY Native 1080p Projektor 4K Mit Netflix Zertifizierung(AutoFokus) Mini Beamer,,,XGODY,"89,54 €","359,99 €",-75%,Nur für kurze Zeit,Only for a short time,lieferbar - in 2-3 Werktagen bei dir,Available - at your door in 2-3 working days,15,4.0,,,,,,,"exclude_keyword:projektor,beamer",False
topseller_api,3,218,321,321,321,321,organic,True,C1805857584,S0HBD0DBOYKD,,https://www.otto.de/p/hama-tv-wandhalterung-wandhalterung-fuer-apple-tv-hd-4-gen-apple-tv-hd-4k-1-2-3-gen-magnetisch-flach-farbe-schwarz-mit-montagezubehoer-fernseher-C1805857584/,Hama TV-Wandhalterung Wandhalterung für Apple TV HD (4. Gen) Apple TV HD 4K (1./2./3. Gen),,,Hama,"16,16 €",,,,,lieferbar - in 2-3 Werktagen bei dir,Available - at your door in 2-3 working days,,,,,,,,,"exclude_keyword:wandhalter,halterung",False
topseller_api,3,218,325,325,325,325,organic,True,C1685791727,1685791728,,https://www.otto.de/p/apple-streaming-box-tv-4k-wi-fi-plus-ethernet-128gb-3rd-gen-C1685791727/,Apple Streaming-Box TV 4K Wi‑Fi + Ethernet 128GB (3rd Gen),,,Apple,"299,00 €",,,,,lieferbar in 4 Wochen,Available in 4 weeks,198,5.0,,,,,Sehr beliebt,Very popular,exclude_keyword:streaming-box,False
topseller_api,3,218,326,326,326,326,organic,True,CS02HC0YI,S04B50I5H7GW,,https://www.otto.de/p/ultimea-nova-c40-beamer-mit-4k-dekodierung-und-android-tv-11-0-beamer-1000-1-1920-x-1080-px-dolby-audio-600-ansi-hdr10-hlg-mit-90-gimbal-stand-freiem-design-CS02HC0YI/,Ultimea Nova C40 Beamer mit 4K Dekodierung und Android TV 11.0 Beamer,,,Ultimea,"299,99 €","599,99 €",-50%,,,lieferbar - in 5-6 Werktagen bei dir,Available - at your door in 5-6 working days,35,4.0,,,,,,,exclude_keyword:beamer,False
topseller_api,3,218,327,327,327,327,organic,True,S05CC0E9,S05CC0E9QLTG,,https://www.otto.de/p/ultimea-poseidon-d80-boom-soundbar-7-1-surround-sound-system-4-kabelgebundene-surround-lautsprecher-bluetooth-hdmi-500-w-6-5-wireless-subwoofer-dolby-atmos-fuer-tv-S05CC0E9/,Ultimea Poseidon D80 Boom Soundbar,,,Ultimea,"299,99 €","499,99 €",-40%,,,lieferbar - in 4-5 Werktagen bei dir,Available - at your door in 4-5 working days,31,4.5,,,,"{""Netzwerkstandard"": ""Bluetooth, HDMI"", ""Gesamtleistung"": ""500 W"", ""Gewicht"": ""11,4 kg""}",Sehr beliebt,Very popular,exclude_accessory_keyword:soundbar,False
topseller_api,3,218,340,340,340,340,organic,True,S05DO0VY,S05DO0VYIRNJ,,https://www.otto.de/p/xgody-gimbal-a1-smart-projektor-android-14-wlan-6-bt-5-4-autofokus-lcd-beamer-400-lm-10000-1-3840-x-2160-400-ansi-lumen-px-auto-trapezkorrektur-tragbarer-8k-filmprojektor-S05DO0VY/,"XGODY Gimbal A1 Smart Projektor – Android 14, WLAN 6, BT 5.4, Autofokus LCD-Beamer",,,XGODY,"79,99 €","249,99 €",-68%,,,lieferbar - in 2-3 Werktagen bei dir,Available - at your door in 2-3 working days,5,5.0,,,,,,,"exclude_keyword:projektor,beamer",False
topseller_api,3,218,341,341,341,341,organic,True,C1605654703,S0B3108CVQH8,,https://www.otto.de/p/karcher-sb-800s-soundbar-2-1-bluetooth-60-w-surround-soundsystem-mit-subwoofer-usb-aux-hdmi-arc-fernbedienung-C1605654703/,Karcher SB 800S Soundbar,,,Karcher,"89,99 €","149,99 €",-40%,,,lieferbar - in 2-3 Werktagen bei dir,Available - at your door in 2-3 working days,270,4.5,,,,"{""Netzwerkstandard"": ""Bluetooth"", ""Gesamtleistung"": ""60 W""}",,,exclude_accessory_keyword:soundbar,False
topseller_api,3,218,344,344,344,344,organic,True,CS0BC40QA,S0J9K0S21URY,,https://www.otto.de/p/xoro-hsb-55-2in1-bluetooth-soundbar-tws-4000mah-akku-soundbar-2-0-bluetooth-20-w-flexible-2-in-1-lautsprecher-einzeln-oder-als-soundbar-nutzbar-CS0BC40QA/,"Xoro HSB 55 2in1-Bluetooth-Soundbar, TWS, 4000mAh Akku Soundbar",,,Xoro,"39,95 €","69,90 €",-43%,,,lieferbar - in 3-4 Werktagen bei dir,Available - at your door in 3-4 working days,5,4.5,,,,"{""Netzwerkstandard"": ""Bluetooth"", ""Gesamtleistung"": ""20 W"", ""Max. Akkulaufzeit"": ""5 Std."", ""Gewicht"": ""0,73 kg"", ""Sprachsteuerung"": ""0""}",,,exclude_accessory_keyword:soundbar,False
topseller_api,3,218,349,349,349,349,organic,True,S019H0CA,S019H0CA8M03,,https://www.otto.de/p/ultimea-poseidon-d50-soundbar-5-1-kanal-surround-sound-hdmi-320-w-mit-subwoofer-und-rear-lautsprechern-surround-und-bass-einstellbare-S019H0CA/,Ultimea Poseidon D50 Soundbar,,,Ultimea,"99,99 €","199,99 €",-50%,,,lieferbar - in 5-6 Werktagen bei dir,Available - at your door in 5-6 working days,65,4.5,,,,"{""Netzwerkstandard"": ""HDMI"", ""Gesamtleistung"": ""320 W""}",Sehr beliebt,Very popular,exclude_accessory_keyword:soundbar,False
topseller_api,3,218,350,350,350,350,organic,True,S00IO0X3,S9Z2TZHJCB3R,,https://www.otto.de/p/xgimi-haloplus-gtv-1080p-tragbarer-beamer-700-iso-lumen-google-tv-mit-netflix-portabler-projektor-700-lm-1920-x1080-1080p-px-google-tv-mit-netflix-1080p-700-iso-lumen-google-tv-mit-netflix-S00IO0X3/,"XGIMI Halo+ GTV 1080P Tragbarer Beamer, 700 ISO Lumen, Google TV mit Netflix Portabler Projektor",,,XGIMI,"549,00 €","799,00 €",-31%,,,lieferbar - in 5-6 Werktagen bei dir,Available - at your door in 5-6 working days,,,,,,,,,"exclude_keyword:projektor,beamer",False
topseller_api,3,218,356,356,356,356,organic,True,S065F0HQ,S065F0HQ59GL,,https://www.otto.de/p/en-casa-tv-schrank-roskobing-tv-board-43x120x29cm-weiss-holzoptik-S065F0HQ/,en.casa TV-Schrank,,,en.casa,"51,99 €","64,99 €",-20%,,,lieferbar - in 5-6 Werktagen bei dir,Available - at your door in 5-6 working days,9,4.5,,,,,,,"exclude_keyword:tv-schrank,schrank",False
topseller_api,4,327,364,364,364,364,organic,True,C2032463731,2032463732,,https://www.otto.de/p/sharp-ht-sbw121-soundbar-2-1-bluetooth-240-w-C2032463731/,Sharp HT-SBW121 Soundbar,,,Sharp,"77,00 €","129,00 €",-40%,nur für kurze Zeit,Only for a short time,lieferbar - in 1-2 Werktagen bei dir,Available - at your door in 1-2 working days,3,4.5,,,,"{""Netzwerkstandard"": ""Bluetooth"", ""Gesamtleistung"": ""240 W"", ""Gewicht"": ""2,9 kg""}",,,exclude_accessory_keyword:soundbar,False
topseller_api,4,327,369,369,369,369,organic,True,S0RF90LB,S0RF90LBRAVQ,,https://www.otto.de/p/zoomcat-zoomcat-c10n-beamer-4k-mit-netflix-zertifizierung-elektrischer-fokus-beamer-20000-lm-20000-1-3840x2160-1920x1080-px-elektrische-fokussierung-4d-4p-elektronische-trapezkorrektur-S0RF90LB/,ZOOMCAT C10N Beamer 4K Mit Netflix Zertifizierung(Elektrischer Fokus) Beamer,,,ZOOMCAT,"114,99 €","249,99 €",-54%,,,lieferbar - in 2-3 Werktagen bei dir,Available - at your door in 2-3 working days,60,4.5,,,,,Sehr beliebt,Very popular,exclude_keyword:beamer,False
topseller_api,4,327,370,370,370,370,organic,True,S02H00R7,S02H00R7RYL6,,https://www.otto.de/p/zoomcat-beamer-4k-mit-autofokus-netflix-zertifizierung-wifi-6-bluetooth-5-3-beamer-3840x2160-px-native-1080p-700-ansi-auto-hindernisvermeidung-android-13-projektor-S02H00R7/,"ZOOMCAT Beamer 4K mit Autofokus & Netflix Zertifizierung, Wifi 6 Bluetooth 5.3 Beamer",,,ZOOMCAT,"179,99 €","399,99 €",-55%,Nur für kurze Zeit,Only for a short time,lieferbar - in 2-3 Werktagen bei dir,Available - at your door in 2-3 working days,16,5.0,,,,,,,exclude_keyword:beamer,False
topseller_api,4,327,373,373,373,373,organic,True,1726520736,1726520737,,https://www.otto.de/p/lg-xboom-rnc7-stereo-party-lautsprecher-bluetooth-1726520736/,LG XBOOM RNC7 Party-Lautsprecher,,,LG,"229,00 €","449,00 €",-49%,nur für kurze Zeit,Only for a short time,lieferbar - in 1-2 Werktagen bei dir,Available - at your door in 1-2 working days,101,5.0,,,,"{""Netzwerkstandard"": ""Bluetooth"", ""Gewicht"": ""16 kg""}",Sehr beliebt,Very popular,missing_tv_positive_keyword,False
topseller_api,4,327,375,375,375,375,organic,True,S08930GR,S08930GROJKP,,https://www.otto.de/p/sony-sony-120-hz-aktualisierungslizenz-fuer-vpl-gtz280-beamer-S08930GR/,Sony 120 Hz Aktualisierungslizenz für VPL-GTZ280 Beamer,,,Sony,"8.919,49 €",,,,,lieferbar - in 2-3 Werktagen bei dir,Available - at your door in 2-3 working days,,,,,,,,,exclude_keyword:beamer,False
topseller_api,4,327,377,377,377,377,organic,True,1911973260,1911973261,,https://www.otto.de/p/bose-set-smart-soundbarplusbass-500plusrear-speaker-soundbar-stereo-bluetooth-wlan-1911973260/,Bose Set: Smart Soundbar+Bass 500+Rear Speaker Soundbar,,,Bose,"1.019,00 €","1.399,85 €",-27%,nur für kurze Zeit,Only for a short time,lieferbar - in 1-2 Werktagen bei dir,Available - at your door in 1-2 working days,6,4.5,,,,"{""Netzwerkstandard"": ""Bluetooth, WLAN"", ""Sprachsteuerung"": ""Alexa, Google Assistant""}",,,exclude_accessory_keyword:soundbar,False
topseller_api,4,327,379,379,379,379,organic,True,1639159360,1639159361,,https://www.otto.de/p/sonos-ray-all-in-one-soundbar-stereo-wlan-wifi-250-w-1639159360/,Sonos Ray All-in-One Soundbar,,,Sonos,"187,00 €","229,00 €",-18%,,,lieferbar - in 1-2 Werktagen bei dir,Available - at your door in 1-2 working days,47,4.0,,,,"{""Netzwerkstandard"": ""WLAN (WiFi)"", ""Gesamtleistung"": ""250 W"", ""Gewicht"": ""1,95 kg""}",,,exclude_accessory_keyword:soundbar,False
topseller_api,4,327,387,387,387,387,organic,True,S0B7N07A,S0B7N07AJ5RI,,https://www.otto.de/p/sonni-tv-schrank-schwarzer-wandhalter-minimalistischer-tv-staender-mit-led-beleuchtung-S0B7N07A/,SONNI TV-Schrank Schwarzer Wandhalter Minimalistischer TV-Ständer mit LED-Beleuchtung,,,SONNI,"99,99 €","235,99 €",-58%,,,lieferbar - in 5-6 Werktagen bei dir,Available - at your door in 5-6 working days,9,3.5,,,,,,,"exclude_keyword:wandhalter,tv-schrank,schrank,tv-ständer,ständer,beleuchtung",False
topseller_api,4,327,393,393,393,393,organic,True,S02FM0C1,S02FM0C1F19L,,https://www.otto.de/p/bbwl-full-hd-1080p-mini-projektor-mit-wifi-2-4g-5g-portabler-projektor-tragbarer-beamer-fuer-heimkino-buero-und-reisen-ultra-duennes-design-250-g-automatischer-fokussierung-hifi-lautsprecher-und-hdmi-usb-S02FM0C1/,BBWL Full HD 1080P Mini Projektor mit WiFi 2.4G/5G Portabler Projektor,,,BBWL,"29,99 €","79,99 €",-63%,,,lieferbar - in 3-4 Werktagen bei dir,Available - at your door in 3-4 working days,1,3.0,,,,,,,exclude_keyword:projektor,False
topseller_api,4,327,395,395,395,395,organic,True,C1976083969,1976083970,,https://www.otto.de/p/hisense-hisense-pl2-laser-cinema-4k-ultra-hd-dlp-beamer-2700-lm-3000-1-3840-x-2160-px-augenschutz-gegen-ermuedung-der-augen-C1976083969/,Hisense PL2 Laser-TV,,,Hisense,"1.874,56 €","2.499,00 €",-25%,,,lieferbar - in 1-2 Werktagen bei dir,Available - at your door in 1-2 working days,6,5.0,,,,,,,missing_tv_positive_keyword,False
topseller_api,4,327,399,399,399,399,organic,True,S053F0Q2,S053F0Q2XYNE,,https://www.otto.de/p/sonni-tv-schrank-tv-schrank-weiss-hochglanz-mit-led-beleuchtung-12-farben-S053F0Q2/,SONNI TV-Schrank TV Schrank Weiß Hochglanz mit LED-Beleuchtung 12 Farben,,,SONNI,"99,99 €","234,99 €",-57%,,,lieferbar - in 5-6 Werktagen bei dir,Available - at your door in 5-6 working days,9,3.5,,,,,,,"exclude_keyword:tv-schrank,schrank,beleuchtung",False
topseller_api,4,327,405,405,405,405,organic,True,S0IG00EL,S0IG00ELQ7M9,,https://www.otto.de/p/oscal-pv800-pro-1400-ansi-lumen-4k-google-tv-mit-netflix-wifi-6-led-beamer-1400-lm-google-tv-wifi-6-auto-fokus-auto-keystone-bt-5-0-4000-1-kontrast-S0IG00EL/,"OSCAL PV800 PRO: 1400 ANSI Lumen, 4K, Google TV mit Netflix, WiFi 6 LED-Beamer",,,OSCAL,"219,99 €","359,99 €",-39%,,,lieferbar - in 2-3 Werktagen bei dir,Available - at your door in 2-3 working days,9,4.5,,,,,,,exclude_keyword:beamer,False
topseller_api,4,327,409,409,409,409,organic,True,S0WBR0Z9,S0WBR0Z9IF1L,,https://www.otto.de/p/xgody-gimbal-5-mini-tragbarer-projektor-4k-android-11-wifi6-bt-5-4-lcd-beamer-1000-1-1920x1080-px-4k-unterstuetzung-heimfilmprojektor-180-drehbar-S0WBR0Z9/,XGODY Gimbal 5 Mini Tragbarer Projektor 4K Android 11 Wifi6 BT 5.4 LCD-Beamer,,,XGODY,"57,69 €","199,99 €",-71%,,,lieferbar - in 3-4 Werktagen bei dir,Available - at your door in 3-4 working days,13,4.0,,,,,,,"exclude_keyword:projektor,beamer",False
topseller_api,4,327,411,411,411,411,organic,True,C1970365731,1970365732,,https://www.otto.de/p/sony-bravia-theatre-system-6-soundbar-5-1-bluetooth-1000-w-rear-sub-atmos-dts-x-ai-zoom-3-dsee-party-modus-ht-s60-C1970365731/,Sony BRAVIA Theatre System 6 Soundbar,,,Sony,"484,78 €","599,00 €",-19%,,,lieferbar - in 1-2 Werktagen bei dir,Available - at your door in 1-2 working days,27,4.5,,,,"{""Netzwerkstandard"": ""Bluetooth"", ""Gesamtleistung"": ""1000 W"", ""Gewicht"": ""15,85 kg""}",Sehr beliebt,Very popular,exclude_accessory_keyword:soundbar,False
topseller_api,4,327,412,412,412,412,organic,True,S0S7H020,S0S7H0208MY6,,https://www.otto.de/p/en-casa-tv-schrank-toivakka-fernsehschrank-135x31x25cm-eiche-optik-anthrazit-S0S7H020/,en.casa TV-Schrank,,,en.casa,"82,99 €","107,99 €",-23%,,,lieferbar - in 5-6 Werktagen bei dir,Available - at your door in 5-6 working days,4,3.5,,,,,,,"exclude_keyword:tv-schrank,schrank",False
topseller_api,4,327,413,413,413,413,organic,True,S0PFW041,S0PFW041QKFW,,https://www.otto.de/p/oyajia-lowboard-led-tv-schrank-mit-led-beleuchtung-stehend-lowboard-150cm-fuer-fernseher-bis-55-zoll-S0PFW041/,oyajia Lowboard LED TV-Schrank,,,oyajia,"106,99 €","229,99 €",-53%,,,lieferbar - in 3-4 Werktagen bei dir,Available - at your door in 3-4 working days,6,4.5,,,,,,,"exclude_keyword:tv-schrank,schrank,lowboard",False
topseller_api,4,327,417,417,417,417,organic,True,S0T090PU,S0T090PUDV93,,https://www.otto.de/p/teufel-cinebar-ultima-soundbar-hdmi-bluetooth-380-w-6-high-performance-toener-mit-eingebautem-xxl-subwoofer-S0T090PU/,Teufel CINEBAR ULTIMA Soundbar,,,Teufel,"569,99 €",,,,,lieferbar - in  6-8 Werktagen bei dir,Available - at your door in 6-8 working days,90,4.5,,,,"{""Netzwerkstandard"": ""HDMI, Bluetooth"", ""Gesamtleistung"": ""380 W"", ""Gewicht"": ""11.2 kg""}",,,exclude_accessory_keyword:soundbar,False
topseller_api,4,327,427,427,427,427,organic,True,743781001,743781002,,https://www.otto.de/p/bose-surround-speaker-surround-lautsprecher-fuer-soundbar-300-500-600-700-900-smart-und-smart-ultra-743781001/,Bose Surround Speaker Surround-Lautsprecher,,,Bose,"299,95 €","399,95 €",-25%,,,lieferbar - in 1-2 Werktagen bei dir,Available - at your door in 1-2 working days,390,4.5,,,,,Sehr beliebt,Very popular,missing_tv_positive_keyword,False
topseller_api,4,327,435,435,435,435,organic,True,C1844442312,S0TEY06IGISJ,,https://www.otto.de/p/lg-home-theater-soundbar-dstr-mit-dolby-atmos-und-hinteren-lautsprechern-soundbar-C1844442312/,LG Home Theater Soundbar DSTR mit Dolby Atmos und hinteren Lautsprechern Soundbar,,,LG,"259,00 €",,,,,lieferbar - in 3-4 Werktagen bei dir,Available - at your door in 3-4 working days,25,4.5,,,,,,,exclude_accessory_keyword:soundbar,False
topseller_api,4,327,442,442,442,442,organic,True,1974926241,1974926242,,https://www.otto.de/p/sony-ult-tower-9ac-plus-micro-ult-mic-uvp-149-party-lautsprecher-stereo-a2dp-bluetooth-bluetooth-avrcp-bluetooth-80-w-bluetooth-erweiterte-rauschunterdrueckung-duettunterstuetzung-1974926241/,Sony ULT Tower 9AC + Micro ULT MIC (UVP 149) Party-Lautsprecher,,,Sony,"569,00 €","849,00 €",-33%,nur für kurze Zeit,Only for a short time,lieferbar - in 2-4 Werktagen bei dir,Available - at your door in 2-4 working days,2,5.0,,,,"{""Netzwerkstandard"": ""A2DP Bluetooth, Bluetooth, AVRCP Bluetooth"", ""Gesamtleistung"": ""80 W"", ""Gewicht"": ""28,5 kg""}",,,missing_tv_positive_keyword,False
topseller_api,4,327,447,447,447,447,organic,True,S05FQ05O,S05FQ05ON5GP,,https://www.otto.de/p/ultimea-skywave-x60-soundbar-7-1-4-kanal-dolby-atmos-surround-sound-system-840-w-360-surroundx-audio-8-subwoofer-heimkino-soundsystem-S05FQ05O/,Ultimea Skywave X60 Soundbar,,,Ultimea,"459,00 €","799,00 €",-43%,,,lieferbar - in 4-5 Werktagen bei dir,Available - at your door in 4-5 working days,7,5.0,,,,"{""Netzwerkstandard"": ""surround sound system"", ""Gesamtleistung"": ""840 W"", ""Gewicht"": ""20,15 kg""}",,,exclude_accessory_keyword:soundbar,False
topseller_api,4,327,450,450,450,450,organic,True,S0UF40E5,S0UF40E5WYA1,,https://www.otto.de/p/mc-star-leinwand-171-x-128-cm-84-zoll-4-3-hd-4k-projektionsleinwand-beamer-kunststoff-metall-heimkino-S0UF40E5/,MC Star Leinwand 171 x 128 cm 84 Zoll 4:3 HD 4K Projektionsleinwand Beamer,,,MC Star,"69,99 €","125,99 €",-44%,,,lieferbar - in 4-5 Werktagen bei dir,Available - at your door in 4-5 working days,,,,,,,,,"exclude_keyword:beamer,leinwand",False
topseller_api,4,327,451,451,451,451,organic,True,C1878191194,S01H10V2FURP,,https://www.otto.de/p/tcl-s45h-2-0-kanal-dts-virtual-x-soundbar-2-0-bluetooth-wlan-wifi-100-w-dolby-atmos-bluetooth-5-2-hdmi-220-watt-wandhalterung-subwoofer-C1878191194/,TCL S45H 2.0 Kanal DTS Virtual:X Soundbar,,,TCL,"106,85 €",,,,,lieferbar - in 3-4 Werktagen bei dir,Available - at your door in 3-4 working days,33,4.5,,,,"{""Netzwerkstandard"": ""Bluetooth, WLAN (WiFi)"", ""Gesamtleistung"": ""100 W"", ""Gewicht"": ""2,05 kg""}",,,exclude_accessory_keyword:soundbar,False
topseller_api,4,327,454,454,454,454,organic,True,S05GI0RI,S05GI0RIO5UM,,https://www.otto.de/p/xnano-ha109-projektor-android-11-130-ansi-hd-1280-720p-wifi-6-bt5-4-lcd-beamer-130-lm-10000-1-4k-decoding-support-720p-native-px-auto-keystone-S05GI0RI/,"XNANO HA109 Projektor, Android 11, 130 ANSI, HD 1280*720P, WiFi 6, BT5.4 LCD-Beamer",,,XNANO,"64,99 €","109,99 €",-41%,,,lieferbar - in 5-6 Werktagen bei dir,Available - at your door in 5-6 working days,3,5.0,,,,,,,"exclude_keyword:projektor,beamer",False
topseller_api,4,327,457,457,457,457,organic,True,C1900586554,S0B2F0PJNMDO,,https://www.otto.de/p/one-for-all-ersatzfernbedienung-urc-1915-fuer-grundig-tv-fernbedienung-1-in-1-C1900586554/,One For All Ersatzfernbedienung URC 1915 für Grundig TV Fernbedienung,,,One For All,"28,99 €",,,,,lieferbar - in 2-3 Werktagen bei dir,Available - at your door in 2-3 working days,16,4.5,,,,,,,exclude_accessory_keyword:fernbedienung,False
topseller_api,4,327,462,462,462,462,organic,True,S0ACQ0XO,S0ACQ0XOWF0O,,https://www.otto.de/p/xgody-mini-beamer-4k-unterstuetzung-1080p-autofokus-projektor-heimkino-lcd-beamer-400-lm-10000-1-3840-x-2160-px-auto-trapezkorrektur-smart-projector-mit-wifi6-bt5-4-180-dreh-S0ACQ0XO/,"XGODY Mini Beamer 4K Unterstützung 1080P Autofokus Projektor, Heimkino LCD-Beamer",,,XGODY,"69,99 €","179,99 €",-61%,,,lieferbar - in 2-3 Werktagen bei dir,Available - at your door in 2-3 working days,13,4.0,,,,,,,"exclude_keyword:projektor,beamer",False
topseller_api,4,327,464,464,464,464,organic,True,1975568101,1975568102,,https://www.otto.de/p/samsung-hw-q610gf-q-soundbar-soundbar-3-1-2-bluetooth-70-w-3-1-2-kanal-surround-system-dolby-atmos-i-dts-x-adaptive-sound-1975568101/,Samsung HW-Q610GF Q-Soundbar Soundbar,,,Samsung,"275,00 €","599,00 €",-54%,nur für kurze Zeit,Only for a short time,lieferbar - in 1-2 Werktagen bei dir,Available - at your door in 1-2 working days,27,4.5,,,,"{""Netzwerkstandard"": ""Bluetooth"", ""Gesamtleistung"": ""70 W"", ""Gewicht"": ""9,1 kg""}",Sehr beliebt,Very popular,exclude_accessory_keyword:soundbar,False
topseller_api,4,327,469,469,469,469,organic,True,S0NGK0HZ,S0NGK0HZG75J,,https://www.otto.de/p/garryfizh-tv-speaker-kompakte-soundbar-usb-soundbar-3-w-lautsprecher-stereo-subwoofer-S0NGK0HZ/,GARRYFIZH TV Speaker kompakte Soundbar USB Soundbar,,,GARRYFIZH,"36,89 €","88,69 €",-58%,,,lieferbar - in 3-4 Werktagen bei dir,Available - at your door in 3-4 working days,,,,,,"{""Gesamtleistung"": ""3 W""}",,,exclude_accessory_keyword:soundbar,False
topseller_api,4,327,475,475,475,475,organic,True,S08CH0VW,S08CH0VWZDJ2,,https://www.otto.de/p/rcf-rcf-art-712-a-mk-v-lautsprechersystem-S08CH0VW/,RCF ART 712-A MK V Lautsprechersystem,,,RCF,"589,00 €",,,,,lieferbar - in 2-3 Werktagen bei dir,Available - at your door in 2-3 working days,,,,,,,,,missing_tv_positive_keyword,False
topseller_api,4,327,479,479,479,479,organic,True,1909914147,1909914148,,https://www.otto.de/p/bose-smart-soundbar-soundbar-stereo-bluetooth-wlan-1909914147/,Bose Smart Soundbar Soundbar,,,Bose,"469,03 €","549,95 €",-15%,,,lieferbar - in 1-2 Werktagen bei dir,Available - at your door in 1-2 working days,23,4.0,,,,"{""Netzwerkstandard"": ""Bluetooth, WLAN""}",,,exclude_accessory_keyword:soundbar,False
topseller_api,4,327,480,480,480,480,organic,True,S0G3R013,S0G3R013QJ53,,https://www.otto.de/p/ricoo-tv-wandhalterung-fernseh-halterung-55-65-75-85-max-95-kg-schwenkbar-r06-f-bis-85-zoll-vesa-200x200-bis-600x400-1-tlg-inkl-fischer-duebel-vollbeweglich-ausziehbar-40-zoll-bis-85-zoll-bis-15-neigung-bis-zu-120-schwenkung-fernseher-halter-universal-S0G3R013/,"RICOO TV-Wandhalterung Fernseh Halterung 55"" 65"" 75"" 85"" max 95 Kg schwenkbar R06-F",,,RICOO,"59,99 €","88,79 €",-32%,,,lieferbar - in 2-3 Werktagen bei dir,Available - at your door in 2-3 working days,35,4.5,,,,,Sehr beliebt,Very popular,"exclude_keyword:wandhalter,halterung",False
topseller_api,5,436,491,491,491,491,organic,True,S04BO0Z8,S04BO0Z8XOGY,,https://www.otto.de/p/ultimea-poseidon-d70-7-1-soundsystem-bluetooth-optische-hdmi-410-w-4-surround-lautsprecher-heimkino-soundsystem-app-steuerung-S04BO0Z8/,Ultimea Poseidon D70 7.1 Soundsystem,,,Ultimea,"199,99 €","329,99 €",-39%,,,lieferbar - in 5-6 Werktagen bei dir,Available - at your door in 5-6 working days,11,4.0,,,,"{""Netzwerkstandard"": ""Bluetooth, Optische, HDMI"", ""Gesamtleistung"": ""410 W""}",,,missing_tv_positive_keyword,False
topseller_api,5,436,492,492,492,492,organic,True,CS0SGB0CZ,S0SGB0CZCX6P,,https://www.otto.de/p/xgimi-mogo-4-laser-outdoor-beamer-set-550-iso-lumen-google-tv-netflix-portabler-projektor-1920-x1080-1080p-px-triple-laser-technologie-lizenziert-von-netflix-CS0SGB0CZ/,"XGIMI MoGo 4 Laser Outdoor Beamer Set, 550 ISO-Lumen, Google TV & Netflix Portabler Projektor",,,XGIMI,"629,00 €","949,00 €",-34%,,,lieferbar - in 5-6 Werktagen bei dir,Available - at your door in 5-6 working days,,,,,,,,,"exclude_keyword:projektor,beamer",False
topseller_api,5,436,493,493,493,493,organic,True,C1976083969,1976083970,,https://www.otto.de/p/hisense-hisense-pl2-laser-cinema-4k-ultra-hd-dlp-beamer-2700-lm-3000-1-3840-x-2160-px-augenschutz-gegen-ermuedung-der-augen-C1976083969/,Hisense PL2 Laser-TV,,,Hisense,"1.874,56 €","2.499,00 €",-25%,,,lieferbar - in 1-2 Werktagen bei dir,Available - at your door in 1-2 working days,6,5.0,,,,,,,missing_tv_positive_keyword,False
topseller_api,5,436,494,494,494,494,organic,True,S06EX06Z,S06EX06ZE1T1,,https://www.otto.de/p/odikalo-tv-schrank-tv-bank-lowboard-fernsehschrank-medienschrank-tv-tisch-schubladen-weiss-S06EX06Z/,Odikalo TV-Schrank TV-Bank Lowboard Fernsehschrank Medienschrank TV-Tisch Schubladen Weiß,,,Odikalo,"209,00 €","319,00 €",-34%,,,lieferbar in 6 Wochen,Available in 6 weeks,,,,,,,,,"exclude_keyword:tv-schrank,fernsehschrank,schrank,lowboard",False
topseller_api,5,436,502,502,502,502,organic,True,S0NB509V,S0NB509VW0NX,,https://www.otto.de/p/hti-living-lowboard-tv-schrank-thekla-weiss-stueck-1-lowboard-tv-bank-lowboard-S0NB509V/,HTI-Living Lowboard TV-Schrank Thekla Weiß,,,HTI-Living,"49,99 €","89,99 €",-44%,,,lieferbar - in 3-4 Werktagen bei dir,Available - at your door in 3-4 working days,6,4.0,,,,,,,"exclude_keyword:tv-schrank,schrank,lowboard",False
topseller_api,5,436,510,510,510,510,organic,True,2006937919,2029785941,,https://www.otto.de/p/harman-kardon-soundsticks-5-2-1-soundsystem-2-1-a2dp-bluetooth-bluetooth-avrcp-bluetooth-190-w-2-1-channel-bluetooth-speaker-mit-hdmi-2006937919/,Harman/Kardon SoundSticks 5 2.1 Soundsystem,,,Harman/Kardon,"304,42 €","329,99 €",-8%,,,lieferbar - in 2-3 Werktagen bei dir,Available - at your door in 2-3 working days,11,5.0,,,,"{""Netzwerkstandard"": ""A2DP Bluetooth, Bluetooth, AVRCP Bluetooth"", ""Gesamtleistung"": ""190 W"", ""Gewicht"": ""6,2 kg""}",,,missing_tv_positive_keyword,False
topseller_api,5,436,516,516,516,516,organic,True,S0JAV0WJ,S0JAV0WJ8XXD,,https://www.otto.de/p/ultimea-teilbare-2-in-1-soundbar-2-2-kanal-bluetooth-5-3-100-w-mit-3-eq-modi-und-verstellbarem-bass-hdmi-arc-optisch-aux-S0JAV0WJ/,Ultimea Teilbare 2-in-1 Soundbar,,,Ultimea,"89,99 €","129,99 €",-31%,,,lieferbar - in 5-6 Werktagen bei dir,Available - at your door in 5-6 working days,3,4.5,,,,"{""Netzwerkstandard"": ""Bluetooth 5.3"", ""Gesamtleistung"": ""100 W""}",,,exclude_accessory_keyword:soundbar,False
topseller_api,5,436,519,519,519,519,organic,True,S07CZ09E,S07CZ09EOLV2,,https://www.otto.de/p/mupoo-led-streifen-smart-led-lightbar-tv-ambient-lampe-backlight-hintergrundbeleuchtung-360-tv-rgb-lichtleisten-smart-sync-mit-musik-und-app-control-S07CZ09E/,"MUPOO LED-Streifen Smart LED Lightbar,TV Ambient Lampe Backlight,Hintergrundbeleuchtung",,,MUPOO,"35,99 €","68,99 €",-48%,,,lieferbar - in 8-10 Werktagen bei dir,Available - at your door in 8-10 working days,,,,,,,,,"exclude_keyword:hintergrundbeleuchtung,beleuchtung",False
topseller_api,5,436,522,522,522,522,organic,True,S0ACQ0XO,S0ACQ0XOWF0O,,https://www.otto.de/p/xgody-mini-beamer-4k-unterstuetzung-1080p-autofokus-projektor-heimkino-lcd-beamer-400-lm-10000-1-3840-x-2160-px-auto-trapezkorrektur-smart-projector-mit-wifi6-bt5-4-180-dreh-S0ACQ0XO/,"XGODY Mini Beamer 4K Unterstützung 1080P Autofokus Projektor, Heimkino LCD-Beamer",,,XGODY,"69,99 €","179,99 €",-61%,,,lieferbar - in 2-3 Werktagen bei dir,Available - at your door in 2-3 working days,13,4.0,,,,,,,"exclude_keyword:projektor,beamer",False
topseller_api,5,436,525,525,525,525,organic,True,S0IEG0KH,S0IEG0KHUQID,,https://www.otto.de/p/xgody-n6-projektor-natives-1080p-beamer-4k-mit-netflix-zertifizierung-beamer-3840-x-2160-px-700-ansi-px-ki-sprachunterstuetzung-autofokus-projektor-fuer-heimkino-S0IEG0KH/,"XGODY N6 Projektor, natives 1080P Beamer 4K Mit Netflix Zertifizierung Beamer",,,XGODY,"109,99 €","399,99 €",-73%,,,lieferbar - in 2-3 Werktagen bei dir,Available - at your door in 2-3 working days,2,4.5,,,,,,,"exclude_keyword:projektor,beamer",False
topseller_api,5,436,526,526,526,526,organic,True,CS0MGV02X,S0QG60GRWOQF,,https://www.otto.de/p/xgimi-mogo-4-mini-beamer-mit-akku-google-tv-netflix-360-staender-portabler-projektor-1920-x1080-1080p-px-lizenziert-von-netflix-integrierter-um-360-verstellbarer-standfuss-CS0MGV02X/,"XGIMI MoGo 4 Mini Beamer mit Akku, Google TV & Netflix, 360° Ständer Portabler Projektor",,,XGIMI,"429,00 €","599,00 €",-28%,,,lieferbar - in 5-6 Werktagen bei dir,Available - at your door in 5-6 working days,,,,,,,,,"exclude_keyword:ständer,projektor,beamer",False
topseller_api,5,436,530,530,530,530,organic,True,S0UDL0C3,S0UDL0C39H0J,,https://www.otto.de/p/blingbin-tv-schrank-fuer-50-59-zoll-tv-moebel-1er-set-1-st-tv-schranktisch-mit-2-tueren-und-2-offenen-faechern-160-5-x-35-5-x-45-cm-S0UDL0C3/,"BlingBin TV-Schrank Für 50-59 Zoll, TV-Möbel",,,BlingBin,"159,99 €","299,99 €",-47%,,,lieferbar - in 5-6 Werktagen bei dir,Available - at your door in 5-6 working days,,,,,,,,,"exclude_keyword:tv-schrank,schrank",False
topseller_api,5,436,535,535,535,535,organic,True,S02H00R7,S02H00R7RYL6,,https://www.otto.de/p/zoomcat-beamer-4k-mit-autofokus-netflix-zertifizierung-wifi-6-bluetooth-5-3-beamer-3840x2160-px-native-1080p-700-ansi-auto-hindernisvermeidung-android-13-projektor-S02H00R7/,"ZOOMCAT Beamer 4K mit Autofokus & Netflix Zertifizierung, Wifi 6 Bluetooth 5.3 Beamer",,,ZOOMCAT,"179,99 €","399,99 €",-55%,Nur für kurze Zeit,Only for a short time,lieferbar - in 2-3 Werktagen bei dir,Available - at your door in 2-3 working days,16,5.0,,,,,,,exclude_keyword:beamer,False
topseller_api,5,436,538,538,538,538,organic,True,S0M9T0A6,S0M9T0A62D24,,https://www.otto.de/p/ultimea-poseidon-r3t-soundbar-2-1-kanal-surround-sound-system-dolby-atmos-fuer-tv-240-w-5-25-kabelloser-subwoofer-hdmi-bluetooth6-0-S0M9T0A6/,Ultimea Poseidon R3T Soundbar,,,Ultimea,"84,99 €","123,99 €",-31%,,,lieferbar - in 4-5 Werktagen bei dir,Available - at your door in 4-5 working days,22,4.5,,,,"{""Netzwerkstandard"": ""Dolby Atmos für TV"", ""Gesamtleistung"": ""240 W""}",,,exclude_accessory_keyword:soundbar,False
topseller_api,5,436,539,539,539,539,organic,True,S08CH0VW,S08CH0VWZDJ2,,https://www.otto.de/p/rcf-rcf-art-712-a-mk-v-lautsprechersystem-S08CH0VW/,RCF ART 712-A MK V Lautsprechersystem,,,RCF,"589,00 €",,,,,lieferbar - in 2-3 Werktagen bei dir,Available - at your door in 2-3 working days,,,,,,,,,missing_tv_positive_keyword,False
topseller_api,5,436,542,542,542,542,organic,True,C1724988582,S05AD00SXSYR,,https://www.otto.de/p/hisense-hisense-pl1se-laser-tv-ultrakurzdistanz-beamer-dlp-beamer-2100-lm-ultra-hd-3840-2160-px-C1724988582/,Hisense PL1SE Laser-TV,,,Hisense,"1.799,99 €",,,,,lieferbar - in 5-6 Werktagen bei dir,Available - at your door in 5-6 working days,5,4.0,,,,,,,missing_tv_positive_keyword,False
topseller_api,5,436,545,545,545,545,organic,True,S0VJA08X,SL2FRV5SRTKK,,https://www.otto.de/p/aibistar-tragbarer-projektor-mini-beamer-wifi-bt-180-drehbar-android-beamer-mini-beamer-8000-lm-8000-1-android-11-wifi6-4k-1080p-unterstuetzt-S0VJA08X/,AIBISTAR Tragbarer Projektor Mini-Beamer WiFi&BT 180° drehbar Android Beamer Mini-Beamer,,,AIBISTAR,"36,99 €","119,99 €",-69%,,,lieferbar - in 3-4 Werktagen bei dir,Available - at your door in 3-4 working days,,,,,,,,,"exclude_keyword:projektor,beamer",False
topseller_api,5,436,547,547,547,547,organic,True,S03J5063,S8U2PY4BQGMN,,https://www.otto.de/p/ckeyin-pro-4k-beamer-projector-mit-netflix-youtube-beamer-1080p-wifi-6-lcd-beamer-12000-lm-1-2-1-1280-720-px-bluetooth-5-0-automatische-trapezkorrektur-hindernisvermeidung-S03J5063/,"CkeyiN Pro 4K Beamer,Projector mit Netflix&Youtube,Beamer 1080P,WIFI 6 LCD-Beamer",,,CkeyiN Pro,"95,79 €","129,99 €",-26%,,,lieferbar - in 2-3 Werktagen bei dir,Available - at your door in 2-3 working days,4,5.0,,,,,,,exclude_keyword:beamer,False
topseller_api,5,436,548,548,548,548,organic,True,S08GM0VZ,S08GM0VZD2A0,,https://www.otto.de/p/ounuo-tv-schrank-106-148-180-cm-tv-schrank-fuer-55-60-65-zoll-fernseher-mit-schubladen-S08GM0VZ/,OUNUO TV-Schrank 106/148/180 cm TV-Schrank für 55/60/65-Zoll-Fernseher mit Schubladen,,,OUNUO,"97,99 €","99,99 €",,,,lieferbar - in 4-5 Werktagen bei dir,Available - at your door in 4-5 working days,1,5.0,,,,,,,"exclude_keyword:tv-schrank,schrank",False
topseller_api,5,436,550,550,550,550,organic,True,C2032463731,2032463732,,https://www.otto.de/p/sharp-ht-sbw121-soundbar-2-1-bluetooth-240-w-C2032463731/,Sharp HT-SBW121 Soundbar,,,Sharp,"77,00 €","129,00 €",-40%,nur für kurze Zeit,Only for a short time,lieferbar - in 1-2 Werktagen bei dir,Available - at your door in 1-2 working days,3,4.5,,,,"{""Netzwerkstandard"": ""Bluetooth"", ""Gesamtleistung"": ""240 W"", ""Gewicht"": ""2,9 kg""}",,,exclude_accessory_keyword:soundbar,False
topseller_api,5,436,555,555,555,555,organic,True,C1848631108,S08GG0EN0FC7,,https://www.otto.de/p/dangbei-atom-laser-google-tv-os-beamer-beamer-1200-lm-1920-x-1080-px-C1848631108/,Dangbei Atom Laser Google TV OS Beamer Beamer,,,Dangbei,"779,99 €",,,,,lieferbar - in 4-5 Werktagen bei dir,Available - at your door in 4-5 working days,,,,,,,,,exclude_keyword:beamer,False
topseller_api,5,436,556,556,556,556,organic,True,CS01IZ0V1,S021S0Q05HGG,,https://www.otto.de/p/reflexion-sb100-soundbar-2-0-stereo-48-w-passend-und-optimiert-fuer-alle-reflexion-tv-geraete-19-24-zoll-CS01IZ0V1/,Reflexion SB100 Soundbar,,,Reflexion,"39,95 €","69,95 €",-43%,,,lieferbar - in 2-3 Werktagen bei dir,Available - at your door in 2-3 working days,16,3.5,,,,"{""Gesamtleistung"": ""48 W""}",,,exclude_accessory_keyword:soundbar,False
topseller_api,5,436,559,559,559,559,organic,True,S02H40RK,S02H40RK5YEK,,https://www.otto.de/p/xgimi-elfin-flip-plus-dlp-beamer-1920-x1080-1080p-px-lizenziert-von-netflix-500-iso-lumen-tragbarer-projektor-S02H40RK/,XGIMI Elfin Flip Plus DLP-Beamer,,,XGIMI,"339,00 €","449,00 €",-24%,,,lieferbar - in 5-6 Werktagen bei dir,Available - at your door in 5-6 working days,,,,,,,,,exclude_keyword:beamer,False
topseller_api,5,436,566,566,566,566,organic,True,S02BT0FH,S02BT0FHEHTP,,https://www.otto.de/p/okwish-lowboard-tv-schrank-mit-led-und-schuladen-freistehend-tv-schrank-hochglanz-tv-board-fernsehtisch-1-st-fuer-70-zoll-fernseher-mit-glasablage-160-38-50-5cm-S02BT0FH/,"OKWISH Lowboard TV-Schrank mit LED und Schuladen, freistehend",,,OKWISH,"195,99 €","369,99 €",-47%,,,lieferbar - in 6-7 Werktagen bei dir,Available - at your door in 6-7 working days,3,3.5,,,,,,,"exclude_keyword:tv-schrank,schrank,lowboard",False
topseller_api,5,436,574,574,574,574,organic,True,S0H840WW,S0H840WWG08V,,https://www.otto.de/p/hauss-sploe-tv-schrank-tv-schrank-fernsehtisch-tv-board-tv-lowboard-h58-l160-t40-cm-mit-zwei-schubladen-fernsehtisch-tv-board-S0H840WW/,HAUSS SPOLE TV-Schrank TV-Schrank Fernsehtisch TV Board TV- Lowboard,,,HAUSS SPOLE,"179,99 €","299,99 €",-40%,,,lieferbar - in 6-7 Werktagen bei dir,Available - at your door in 6-7 working days,2,4.5,,,,,,,"exclude_keyword:tv-schrank,schrank,lowboard,tv board",False
topseller_api,5,436,575,575,575,575,organic,True,1796571337,1796571338,,https://www.otto.de/p/bose-smart-ultra-soundbar-plus-bass-module-700-5-1-soundsystem-bluetooth-wlan-multiroom-1796571337/,Bose Smart Ultra Soundbar + Bass Module 700 5.1 Soundsystem,,,Bose,"1.309,00 €","1.899,90 €",-31%,nur für kurze Zeit,Only for a short time,lieferbar - in 1-2 Werktagen bei dir,Available - at your door in 1-2 working days,67,5.0,,,,"{""Netzwerkstandard"": ""Bluetooth, WLAN, Multiroom"", ""Gewicht"": ""19,36 kg"", ""Sprachsteuerung"": ""Alexa, Google Assistant""}",,,exclude_accessory_keyword:soundbar,False
topseller_api,5,436,578,578,578,578,organic,True,S0OAS0E6,S0OAS0E6DJWU,,https://www.otto.de/p/awol-vision-dlp-link-3d-glasses-beamer-S0OAS0E6/,AWOL Vision DLP Link 3D Glasses Beamer,,,AWOL Vision,"89,99 €",,,,,lieferbar - in 2-3 Werktagen bei dir,Available - at your door in 2-3 working days,,,,,,,,,exclude_keyword:beamer,False
topseller_api,5,436,590,590,590,590,organic,True,C1863121071,1863121072,,https://www.otto.de/p/hisense-hs2000-2-1-kanal-soundbar-mit-integriertem-subwoofer-2-1-soundsystem-2-1-240-w-C1863121071/,Hisense HS2000 2.1 Kanal Soundbar mit integriertem Subwoofer 2.1 Soundsystem,,,Hisense,"94,99 €","129,00 €",-26%,,,lieferbar - in 1-2 Werktagen bei dir,Available - at your door in 1-2 working days,160,4.5,,,,"{""Gesamtleistung"": ""240 W"", ""Gewicht"": ""2,22 kg""}",Sehr beliebt,Very popular,exclude_accessory_keyword:soundbar,False
topseller_api,5,436,592,592,592,592,organic,True,S0SGO00Y,S0SGO00YFNWP,,https://www.otto.de/p/ltc-tv-tuner-und-set-top-box-fuer-terrestrisches-fernsehen-tv-stick-tuner-dvb-t2-tv-stick-full-hd-aufloesung-1080p-S0SGO00Y/,LTC TV-Tuner und Set-Top-Box für terrestrisches Fernsehen: TV STICK Tuner,,,LTC,"25,20 €",,,,,lieferbar - in 2-3 Werktagen bei dir,Available - at your door in 2-3 working days,,,,,,,,,missing_tv_positive_keyword,False
topseller_api,5,436,593,593,593,593,organic,True,S0BDR075,S0BDR075V11Y,,https://www.otto.de/p/garveemore-tv-schrank-kommode-tv-staender-55-zoll-mit-2-schubladen-und-regalen-media-console-99x57x30cm-fuer-schlafzimmer-kleine-tv-staender-kommode-wohnzimmer-S0BDR075/,"GarveeMore TV-Schrank Kommode TV-Ständer 55 Zoll,Mit 2 Schubladen Und Regalen Media Console",,,GarveeMore,"49,99 €","99,98 €",-50%,,,lieferbar - in 4-5 Werktagen bei dir,Available - at your door in 4-5 working days,1,5.0,,,,,,,"exclude_keyword:tv-schrank,schrank,tv-ständer,ständer",False
topseller_api,5,436,595,595,595,595,organic,True,S0TEA0L0,S0TEA0L048UO,,https://www.otto.de/p/etoe-whale-pro-android-tv-beamer-native-1080p-1800-ansi-4k-dekodierung-lcd-beamer-1800-lm-3000-1-1920-1080-px-autofokus-und-automatische-trapezkorrektur-netflixyoutube-S0TEA0L0/,"ETOE Whale Pro Android TV Beamer, Native 1080P, 1800 ANSI, 4K-Dekodierung LCD-Beamer",,,ETOE,"379,00 €","439,00 €",-14%,,,lieferbar - in 3-4 Werktagen bei dir,Available - at your door in 3-4 working days,4,4.0,,,,,,,exclude_keyword:beamer,False
topseller_api,5,436,597,597,597,597,organic,True,743781001,743781002,,https://www.otto.de/p/bose-surround-speaker-surround-lautsprecher-fuer-soundbar-300-500-600-700-900-smart-und-smart-ultra-743781001/,Bose Surround Speaker Surround-Lautsprecher,,,Bose,"299,95 €","399,95 €",-25%,,,lieferbar - in 1-2 Werktagen bei dir,Available - at your door in 1-2 working days,390,4.5,,,,,Sehr beliebt,Very popular,missing_tv_positive_keyword,False
topseller_api,5,436,599,599,599,599,organic,True,S03C203U,S03C203UX2SC,,https://www.otto.de/p/ultimea-aura-a40-7-1-soundsystem-7-1-kanal-virtual-surround-soundbar-bluetooth-5-3-330-w-soundbar-fuer-tv-geraete-mit-app-steuerung-S03C203U/,Ultimea Aura A40 7.1 Soundsystem,,,Ultimea,"169,99 €","239,99 €",-29%,,,lieferbar - in 4-5 Werktagen bei dir,Available - at your door in 4-5 working days,43,4.5,,,,"{""Netzwerkstandard"": ""Bluetooth 5.3"", ""Gesamtleistung"": ""330 W""}",,,missing_tv_positive_keyword,False
