source,listing_area,row_index,display_rank,organic_rank,sponsored_rank,target_rank,exposure_type,render_state,is_fully_loaded_card,is_placeholder_card,is_listing_target,article_number,product_id,variation_id,list_position,local_list_position,origin,product_url,retailer_sku_name,final_sku_price,original_sku_price,savings,final_sku_price_text,original_sku_price_text,savings_text,sku_popularity_raw,sku_popularity,sku_status_raw,sku_status,discount_type_raw,discount_type,tv_filter_reason,is_tv_sku,retailer_sku_name_key,final_target_rank,main_rank,bsr_rank,selection_source,all_display_ranks,organic_display_ranks,sponsored_display_ranks,variation_ids_for_name,product_urls_for_name,has_sponsored_exposure,has_organic_exposure
topseller,#reptile-search-result section.reptile-tile-list,1,1,,1,1,sponsored,fully_loaded_card,True,False,True,75363068,2037941359,2037941360,1,1,sponsored,https://www.otto.de/p/samsung-gq65q6faau-qled-fernseher-163-cm-65-zoll-4k-ultra-hd-smart-tv-2037941359/?variationId=2037941360,"Samsung GQ65Q6FAAU QLED-Fernseher (163 cm/65 Zoll, 4K Ultra HD, Smart-TV)","579,00 €","1.049,00 €",-45%,"579,00 €","1.049,00 €",-45%,Sehr beliebt,Very popular,Gesponsert,Sponsored,,,tv_keyword,True,"samsung gq65q6faau qled-fernseher (163 cm/65 zoll, 4k ultra hd, smart-tv)",1,1,1,topseller_tv_name_main_bsr,"1,14",14,1,2037941360,https://www.otto.de/p/samsung-gq65q6faau-qled-fernseher-163-cm-65-zoll-4k-ultra-hd-smart-tv-2037941359/?variationId=2037941360,True,True
topseller,#reptile-search-result section.reptile-tile-list,2,2,,2,2,sponsored,fully_loaded_card,True,False,True,78592729,1975567586,1975567591,2,2,sponsored,https://www.otto.de/p/samsung-gq65qn70fau-qled-fernseher-163-cm-65-zoll-4k-ultra-hd-smart-tv-neo-quantum-hdr-4k-ai-upscaling-gaming-hub-motion-xcelerator-144hz-1975567586/?variationId=1975567591,"Samsung GQ65QN70FAU QLED-Fernseher (163 cm/65 Zoll, 4K Ultra HD, Smart-TV, Neo Quantum HDR, 4K AI Upscaling, Gaming Hub, Motion Xcelerator 144Hz)","777,00 €","1.499,00 €",-48%,"777,00 €","1.499,00 €",-48%,Sehr beliebt,Very popular,Gesponsert,Sponsored,,,tv_keyword,True,"samsung gq65qn70fau qled-fernseher (163 cm/65 zoll, 4k ultra hd, smart-tv, neo quantum hdr, 4k ai upscaling, gaming hub, motion xcelerator 144hz)",2,2,2,topseller_tv_name_main_bsr,"2,30",30,2,1975567591,https://www.otto.de/p/samsung-gq65qn70fau-qled-fernseher-163-cm-65-zoll-4k-ultra-hd-smart-tv-neo-quantum-hdr-4k-ai-upscaling-gaming-hub-motion-xcelerator-144hz-1975567586/?variationId=1975567591,True,True
topseller,#reptile-search-result section.reptile-tile-list,3,3,1,,3,organic,fully_loaded_card,True,False,True,56104054,C2000548368,2000548369,3,3,,https://www.otto.de/p/philips-32phs6000-12-led-fernseher-80-cm-32-zoll-hd-ready-smart-tv-pixel-plus-hd-hdr10-hlg-dolby-audio-vocal-boost-C2000548368/?variationId=2000548369,"Philips 32PHS6000/12 LED-Fernseher (80 cm/32 Zoll, HD ready, Smart-TV, Pixel Plus HD, HDR10 & HLG, Dolby Audio & Vocal Boost)","139,00 €","299,00 €",-54%,"139,00 €","299,00 €",-54%,Sehr beliebt,Very popular,,,,,tv_keyword,True,"philips 32phs6000/12 led-fernseher (80 cm/32 zoll, hd ready, smart-tv, pixel plus hd, hdr10 & hlg, dolby audio & vocal boost)",3,3,3,topseller_tv_name_main_bsr,3,3,,2000548369,https://www.otto.de/p/philips-32phs6000-12-led-fernseher-80-cm-32-zoll-hd-ready-smart-tv-pixel-plus-hd-hdr10-hlg-dolby-audio-vocal-boost-C2000548368/?variationId=2000548369,False,True
topseller,#reptile-search-result section.reptile-tile-list,4,4,2,,4,organic,fully_loaded_card,True,False,True,94362409,1975568002,1975568003,4,4,,https://www.otto.de/p/samsung-gu65u7099fu-led-fernseher-163-cm-65-zoll-4k-ultra-hd-smart-tv-crystal-uhd-q-symphony-dolby-surround-sound-triple-tuner-smart-hub-1975568002/?variationId=1975568003,"Samsung GU65U7099FU LED-Fernseher (163 cm/65 Zoll, 4K Ultra HD, Smart-TV, Crystal UHD, Q-Symphony, Dolby Surround Sound, Triple Tuner, Smart-Hub)","439,99 €","899,00 €",-51%,"439,99 €","899,00 €",-51%,Sehr beliebt,Very popular,,,,,tv_keyword,True,"samsung gu65u7099fu led-fernseher (163 cm/65 zoll, 4k ultra hd, smart-tv, crystal uhd, q-symphony, dolby surround sound, triple tuner, smart-hub)",4,4,4,topseller_tv_name_main_bsr,4,4,,1975568003,https://www.otto.de/p/samsung-gu65u7099fu-led-fernseher-163-cm-65-zoll-4k-ultra-hd-smart-tv-crystal-uhd-q-symphony-dolby-surround-sound-triple-tuner-smart-hub-1975568002/?variationId=1975568003,False,True
topseller,#reptile-search-result section.reptile-tile-list,5,5,3,,5,organic,fully_loaded_card,True,False,True,10666503,1995107347,1995107348,5,5,,https://www.otto.de/p/samsung-gq55q6faau-qled-fernseher-138-cm-55-zoll-4k-ultra-hd-smart-tv-1995107347/?variationId=1995107348,"Samsung GQ55Q6FAAU QLED-Fernseher (138 cm/55 Zoll, 4K Ultra HD, Smart-TV)","399,00 €","849,00 €",-53%,"399,00 €","849,00 €",-53%,Sehr beliebt,Very popular,,,,,tv_keyword,True,"samsung gq55q6faau qled-fernseher (138 cm/55 zoll, 4k ultra hd, smart-tv)",5,5,5,topseller_tv_name_main_bsr,"5,8",5,8,1995107348,https://www.otto.de/p/samsung-gq55q6faau-qled-fernseher-138-cm-55-zoll-4k-ultra-hd-smart-tv-1995107347/?variationId=1995107348,True,True
topseller,#reptile-search-result section.reptile-tile-list,6,6,4,,6,organic,fully_loaded_card,True,False,True,45966249,1975568029,1975568030,6,6,,https://www.otto.de/p/samsung-gu43u7099fu-led-fernseher-108-cm-43-zoll-4k-ultra-hd-smart-tv-crystal-uhd-q-symphony-dolby-surround-sound-triple-tuner-smart-hub-1975568029/?variationId=1975568030,"Samsung GU43U7099FU LED-Fernseher (108 cm/43 Zoll, 4K Ultra HD, Smart-TV, Crystal UHD, Q-Symphony, Dolby Surround Sound, Triple Tuner, Smart-Hub)","269,00 €","499,00 €",-46%,"269,00 €","499,00 €",-46%,Sehr beliebt,Very popular,,,,,tv_keyword,True,"samsung gu43u7099fu led-fernseher (108 cm/43 zoll, 4k ultra hd, smart-tv, crystal uhd, q-symphony, dolby surround sound, triple tuner, smart-hub)",6,6,6,topseller_tv_name_main_bsr,"6,16",6,16,1975568030,https://www.otto.de/p/samsung-gu43u7099fu-led-fernseher-108-cm-43-zoll-4k-ultra-hd-smart-tv-crystal-uhd-q-symphony-dolby-surround-sound-triple-tuner-smart-hub-1975568029/?variationId=1975568030,True,True
topseller,#reptile-search-result section.reptile-tile-list,7,7,5,,7,organic,fully_loaded_card,True,False,True,41615311,2022351586,2022351587,7,7,,https://www.otto.de/p/philips-43pfs5500-12-led-fernseher-108-cm-43-zoll-full-hd-non-smart-pixel-plus-hd-dolby-audio-triple-tuner-2022351586/?variationId=2022351587,"Philips 43PFS5500/12 LED-Fernseher (108 cm/43 Zoll, Full HD, Non-Smart, Pixel Plus HD, Dolby Audio, Triple Tuner)","199,00 €","429,00 €",-54%,"199,00 €","429,00 €",-54%,Sehr beliebt,Very popular,,,,,tv_keyword,True,"philips 43pfs5500/12 led-fernseher (108 cm/43 zoll, full hd, non-smart, pixel plus hd, dolby audio, triple tuner)",7,7,7,topseller_tv_name_main_bsr,7,7,,2022351587,https://www.otto.de/p/philips-43pfs5500-12-led-fernseher-108-cm-43-zoll-full-hd-non-smart-pixel-plus-hd-dolby-audio-triple-tuner-2022351586/?variationId=2022351587,False,True
topseller,#reptile-search-result section.reptile-tile-list,9,9,6,,8,organic,fully_loaded_card,True,False,True,S00FF0SA,S00FF0SA,S00FF0SAMTZB,9,9,,https://www.otto.de/p/hisense-hisense-136mxq-mini-led-fernseher-345-cm-S00FF0SA/?variationId=S00FF0SAMTZB,Hisense HISENSE 136MXQ Mini-LED-Fernseher (345 cm),"129.000,00 €","3.745,22 €",,"129.000,00 €","3.745,22 €",,,,,,,,tv_keyword,True,hisense hisense 136mxq mini-led-fernseher (345 cm),8,8,8,topseller_tv_name_main_bsr,9,9,,S00FF0SAMTZB,https://www.otto.de/p/hisense-hisense-136mxq-mini-led-fernseher-345-cm-S00FF0SA/?variationId=S00FF0SAMTZB,False,True
topseller,#reptile-search-result section.reptile-tile-list,10,10,7,,9,organic,fully_loaded_card,True,False,True,40516132,C1980401110,1980401111,10,10,,https://www.otto.de/p/philips-50pus7000-12-led-fernseher-126-cm-50-zoll-4k-ultra-hd-smart-tv-pixel-precise-uhd-hdr10plus-dolby-atmos-dts-x-sound-gaming-C1980401110/?variationId=1980401111,"Philips 50PUS7000/12 LED-Fernseher (126 cm/50 Zoll, 4K Ultra HD, Smart-TV, Pixel Precise UHD, HDR10+, Dolby Atmos & DTS:X Sound, Gaming)","299,00 €","549,00 €",-46%,"299,00 €","549,00 €",-46%,Sehr beliebt,Very popular,,,,,tv_keyword,True,"philips 50pus7000/12 led-fernseher (126 cm/50 zoll, 4k ultra hd, smart-tv, pixel precise uhd, hdr10+, dolby atmos & dts:x sound, gaming)",9,9,9,topseller_tv_name_main_bsr,10,10,,1980401111,https://www.otto.de/p/philips-50pus7000-12-led-fernseher-126-cm-50-zoll-4k-ultra-hd-smart-tv-pixel-precise-uhd-hdr10plus-dolby-atmos-dts-x-sound-gaming-C1980401110/?variationId=1980401111,False,True
topseller,#reptile-search-result section.reptile-tile-list,11,11,8,,10,organic,fully_loaded_card,True,False,True,40598822,1975567879,1975567880,11,11,,https://www.otto.de/p/samsung-gu55u7099fu-led-fernseher-139-cm-55-zoll-4k-ultra-hd-smart-tv-crystal-uhd-q-symphony-dolby-surround-sound-triple-tuner-smart-hub-1975567879/?variationId=1975567880,"Samsung GU55U7099FU LED-Fernseher (139 cm/55 Zoll, 4K Ultra HD, Smart-TV, Crystal UHD, Q-Symphony, Dolby Surround Sound, Triple Tuner, Smart-Hub)","359,00 €","699,00 €",-49%,"359,00 €","699,00 €",-49%,Sehr beliebt,Very popular,,,,,tv_keyword,True,"samsung gu55u7099fu led-fernseher (139 cm/55 zoll, 4k ultra hd, smart-tv, crystal uhd, q-symphony, dolby surround sound, triple tuner, smart-hub)",10,10,10,topseller_tv_name_main_bsr,11,11,,1975567880,https://www.otto.de/p/samsung-gu55u7099fu-led-fernseher-139-cm-55-zoll-4k-ultra-hd-smart-tv-crystal-uhd-q-symphony-dolby-surround-sound-triple-tuner-smart-hub-1975567879/?variationId=1975567880,False,True
topseller,#reptile-search-result section.reptile-tile-list,12,12,9,,11,organic,fully_loaded_card,True,False,True,94017841,C1842439031,1842439032,12,12,,https://www.otto.de/p/hisense-58e6nt-dled-fernseher-146-00-cm-58-zoll-vidaa-u7-6-game-mode-plus-uhd-ai-upscaler-sprachassistenten-C1842439031/?variationId=1842439032,"Hisense 58E6NT LED-Fernseher (146 cm/58 Zoll, 4K Ultra HD, Smart-TV, 4K UHD)","339,99 €","699,00 €",-51%,"339,99 €","699,00 €",-51%,Sehr beliebt,Very popular,,,,,tv_keyword,True,"hisense 58e6nt led-fernseher (146 cm/58 zoll, 4k ultra hd, smart-tv, 4k uhd)",11,11,11,topseller_tv_name_main_bsr,12,12,,1842439032,https://www.otto.de/p/hisense-58e6nt-dled-fernseher-146-00-cm-58-zoll-vidaa-u7-6-game-mode-plus-uhd-ai-upscaler-sprachassistenten-C1842439031/?variationId=1842439032,False,True
topseller,#reptile-search-result section.reptile-tile-list,13,13,10,,12,organic,fully_loaded_card,True,False,True,47409007,1844694669,1844694670,13,13,,https://www.otto.de/p/samsung-gu98du9079u-led-fernseher-249-cm-98-zoll-4k-ultra-hd-smart-tv-crystal-uhd-q-symphony-dolby-surround-sound-triple-tuner-smart-hub-1844694669/?variationId=1844694670,"Samsung GU98DU9079U LED-Fernseher (249 cm/98 Zoll, 4K Ultra HD, Smart-TV, Crystal UHD, Q-Symphony, Dolby Surround Sound, Triple Tuner, Smart-Hub)","1.399,00 €","4.299,00 €",-67%,"1.399,00 €","4.299,00 €",-67%,Sehr beliebt,Very popular,,,,,tv_keyword,True,"samsung gu98du9079u led-fernseher (249 cm/98 zoll, 4k ultra hd, smart-tv, crystal uhd, q-symphony, dolby surround sound, triple tuner, smart-hub)",12,12,12,topseller_tv_name_main_bsr,13,13,,1844694670,https://www.otto.de/p/samsung-gu98du9079u-led-fernseher-249-cm-98-zoll-4k-ultra-hd-smart-tv-crystal-uhd-q-symphony-dolby-surround-sound-triple-tuner-smart-hub-1844694669/?variationId=1844694670,False,True
topseller,#reptile-search-result section.reptile-tile-list,15,15,12,,13,organic,fully_loaded_card,True,False,True,99294724,2082949677,2082949678,15,15,,https://www.otto.de/p/sharp-1t-c32he3x-qled-fernseher-80-cm-32-zoll-hd-smart-tv-2082949677/?variationId=2082949678,"Sharp 1T-C32HE3x QLED-Fernseher (80 cm/32 Zoll, HD, Smart-TV)","139,00 €","329,00 €",-58%,"139,00 €","329,00 €",-58%,,,,,,,tv_keyword,True,"sharp 1t-c32he3x qled-fernseher (80 cm/32 zoll, hd, smart-tv)",13,13,13,topseller_tv_name_main_bsr,15,15,,2082949678,https://www.otto.de/p/sharp-1t-c32he3x-qled-fernseher-80-cm-32-zoll-hd-smart-tv-2082949677/?variationId=2082949678,False,True
topseller,#reptile-search-result section.reptile-tile-list,17,17,13,,14,organic,fully_loaded_card,True,False,True,19836968,C1968874003,1968874005,17,17,,https://www.otto.de/p/lg-50ua73006la-led-fernseher-50-zoll-uhd-smart-tv-mit-internetzugang-uhd-aufloesung-fuer-scharfe-bilder-C1968874003/?variationId=1968874005,"LG 43UA73006LA LED-Fernseher (108 cm/43 Zoll, 4K Ultra HD, Smart-TV)","249,00 €","529,00 €",-53%,"249,00 €","529,00 €",-53%,Sehr beliebt,Very popular,,,,,tv_keyword,True,"lg 43ua73006la led-fernseher (108 cm/43 zoll, 4k ultra hd, smart-tv)",14,14,14,topseller_tv_name_main_bsr,17,17,,1968874005,https://www.otto.de/p/lg-50ua73006la-led-fernseher-50-zoll-uhd-smart-tv-mit-internetzugang-uhd-aufloesung-fuer-scharfe-bilder-C1968874003/?variationId=1968874005,False,True
topseller,#reptile-search-result section.reptile-tile-list,18,18,14,,15,organic,fully_loaded_card,True,False,True,13754127,C1962381449,1962381450,18,18,,https://www.otto.de/p/tcl-75v6cxb-led-fernseher-189-cm-75-zoll-4k-ultra-hd-smart-tv-google-tv-4k-hdr-multi-hdr-dolby-vision-game-master-smart-tv-apple-tv-C1962381449/?variationId=1962381450,"TCL 75V6CXB LED-Fernseher (189 cm/75 Zoll, 4K Ultra HD, Smart-TV, Google TV, 4K HDR, Multi-HDR, Dolby Vision, Game Master, Smart TV, Apple TV)","549,00 €","849,00 €",-35%,"549,00 €","849,00 €",-35%,,,,,,,tv_keyword,True,"tcl 75v6cxb led-fernseher (189 cm/75 zoll, 4k ultra hd, smart-tv, google tv, 4k hdr, multi-hdr, dolby vision, game master, smart tv, apple tv)",15,15,15,topseller_tv_name_main_bsr,18,18,,1962381450,https://www.otto.de/p/tcl-75v6cxb-led-fernseher-189-cm-75-zoll-4k-ultra-hd-smart-tv-google-tv-4k-hdr-multi-hdr-dolby-vision-game-master-smart-tv-apple-tv-C1962381449/?variationId=1962381450,False,True
topseller,#reptile-search-result section.reptile-tile-list,19,19,15,,16,organic,placeholder_link_only,False,True,True,96406113,C1980401029,1980401030,19,19,,https://www.otto.de/p/philips-65pus7000-12-led-fernseher-164-cm-65-zoll-4k-ultra-hd-smart-tv-pixel-precise-uhd-hdr10plus-dolby-atmos-dts-x-sound-gaming-C1980401029/?variationId=1980401030,"Philips 65PUS7000/12 LED-Fernseher (164 cm/65 Zoll, 4K Ultra HD, Smart-TV, Pixel Precise UHD, HDR10+, Dolby Atmos & DTS:X Sound, Gaming)",,,,,,,,,,,,,tv_keyword,True,"philips 65pus7000/12 led-fernseher (164 cm/65 zoll, 4k ultra hd, smart-tv, pixel precise uhd, hdr10+, dolby atmos & dts:x sound, gaming)",16,16,16,topseller_tv_name_main_bsr,19,19,,1980401030,https://www.otto.de/p/philips-65pus7000-12-led-fernseher-164-cm-65-zoll-4k-ultra-hd-smart-tv-pixel-precise-uhd-hdr10plus-dolby-atmos-dts-x-sound-gaming-C1980401029/?variationId=1980401030,False,True
topseller,#reptile-search-result section.reptile-tile-list,20,20,16,,17,organic,placeholder_link_only,False,True,True,75149407,2082949650,2082949651,20,20,,https://www.otto.de/p/sharp-2t-c40he3x-qled-fernseher-101-cm-40-zoll-full-hd-smart-tv-2082949650/?variationId=2082949651,"Sharp 2T-C40HE3x QLED-Fernseher (101 cm/40 Zoll, Full HD, Smart-TV)",,,,,,,,,,,,,tv_keyword,True,"sharp 2t-c40he3x qled-fernseher (101 cm/40 zoll, full hd, smart-tv)",17,17,17,topseller_tv_name_main_bsr,20,20,,2082949651,https://www.otto.de/p/sharp-2t-c40he3x-qled-fernseher-101-cm-40-zoll-full-hd-smart-tv-2082949650/?variationId=2082949651,False,True
topseller,#reptile-search-result section.reptile-tile-list,21,21,17,,18,organic,placeholder_link_only,False,True,True,18323407,C2087551467,2087551468,21,21,,https://www.otto.de/p/hisense-58e7s-qled-fernseher-146-cm-58-zoll-4k-ultra-hd-smart-tv-C2087551467/?variationId=2087551468,"Hisense 58E7S QLED-Fernseher (146 cm/58 Zoll, 4K Ultra HD, Smart-TV)",,,,,,,,,,,,,tv_keyword,True,"hisense 58e7s qled-fernseher (146 cm/58 zoll, 4k ultra hd, smart-tv)",18,18,18,topseller_tv_name_main_bsr,21,21,,2087551468,https://www.otto.de/p/hisense-58e7s-qled-fernseher-146-cm-58-zoll-4k-ultra-hd-smart-tv-C2087551467/?variationId=2087551468,False,True
topseller,#reptile-search-result section.reptile-tile-list,22,22,18,,19,organic,placeholder_link_only,False,True,True,52153760,1975567834,1975567836,22,22,,https://www.otto.de/p/samsung-gu50u7099fu-led-fernseher-125-cm-50-zoll-4k-ultra-hd-smart-tv-crystal-uhd-q-symphony-dolby-surround-sound-triple-tuner-smart-hub-1975567834/?variationId=1975567836,"Samsung GU50U7099FU LED-Fernseher (125 cm/50 Zoll, 4K Ultra HD, Smart-TV, Crystal UHD, Q-Symphony, Dolby Surround Sound, Triple Tuner, Smart-Hub)",,,,,,,,,,,,,tv_keyword,True,"samsung gu50u7099fu led-fernseher (125 cm/50 zoll, 4k ultra hd, smart-tv, crystal uhd, q-symphony, dolby surround sound, triple tuner, smart-hub)",19,19,19,topseller_tv_name_main_bsr,22,22,,1975567836,https://www.otto.de/p/samsung-gu50u7099fu-led-fernseher-125-cm-50-zoll-4k-ultra-hd-smart-tv-crystal-uhd-q-symphony-dolby-surround-sound-triple-tuner-smart-hub-1975567834/?variationId=1975567836,False,True
topseller,#reptile-search-result section.reptile-tile-list,23,23,19,,20,organic,placeholder_link_only,False,True,True,70673617,1975567645,1975567647,23,23,,https://www.otto.de/p/samsung-gu75u8079fu-led-fernseher-189-cm-75-zoll-4k-ultra-hd-smart-tv-crystal-uhd-q-symphony-dolby-surround-sound-triple-tuner-smart-hub-1975567645/?variationId=1975567647,"Samsung GU75U8079FU LED-Fernseher (189 cm/75 Zoll, 4K Ultra HD, Smart-TV, Crystal UHD, Q-Symphony, Dolby Surround Sound, Triple Tuner, Smart-Hub)",,,,,,,,,,,,,tv_keyword,True,"samsung gu75u8079fu led-fernseher (189 cm/75 zoll, 4k ultra hd, smart-tv, crystal uhd, q-symphony, dolby surround sound, triple tuner, smart-hub)",20,20,20,topseller_tv_name_main_bsr,23,23,,1975567647,https://www.otto.de/p/samsung-gu75u8079fu-led-fernseher-189-cm-75-zoll-4k-ultra-hd-smart-tv-crystal-uhd-q-symphony-dolby-surround-sound-triple-tuner-smart-hub-1975567645/?variationId=1975567647,False,True
topseller,#reptile-search-result section.reptile-tile-list,24,24,,5,21,sponsored,placeholder_link_only,False,True,True,74085358,1975567930,1975567931,24,24,sponsored,https://www.otto.de/p/samsung-gu75u7099fu-led-fernseher-189-cm-75-zoll-4k-ultra-hd-smart-tv-crystal-uhd-q-symphony-dolby-surround-sound-triple-tuner-smart-hub-1975567930/?variationId=1975567931,"GU75U7099FU LED-Fernseher (189 cm/75 Zoll, 4K Ultra HD, Smart-TV, Crystal UHD, Q-Symphony, Dolby Surround Sound, Triple Tuner, Smart-Hub)",,,,,,,,,Gesponsert,Sponsored,,,tv_keyword,True,"gu75u7099fu led-fernseher (189 cm/75 zoll, 4k ultra hd, smart-tv, crystal uhd, q-symphony, dolby surround sound, triple tuner, smart-hub)",21,21,21,topseller_tv_name_main_bsr,24,,24,1975567931,https://www.otto.de/p/samsung-gu75u7099fu-led-fernseher-189-cm-75-zoll-4k-ultra-hd-smart-tv-crystal-uhd-q-symphony-dolby-surround-sound-triple-tuner-smart-hub-1975567930/?variationId=1975567931,True,False
topseller,#reptile-search-result section.reptile-tile-list,25,25,20,,22,organic,placeholder_link_only,False,True,True,S0DJ806KQTR,S0DJ806K,S0IFT07GF08J,25,25,,https://www.otto.de/p/medion-md865301-lcd-led-fernseher-163-9-cm-65-zoll-4k-ultra-hd-smart-tv-dolby-vision-dolby-atmos-netflix-hbo-max-prime-video-disneyplus-wow-S0DJ806K/?variationId=S0IFT07GF08J,"Medion® MD843301 LCD-LED Fernseher (108 cm/43 Zoll, 4K Ultra HD, Smart-TV, Dolby Vision, Dolby Atmos, Netflix, HBO Max, Prime Video, Disney+, WOW)",,,,,,,,,,,,,tv_keyword,True,"medion® md843301 lcd-led fernseher (108 cm/43 zoll, 4k ultra hd, smart-tv, dolby vision, dolby atmos, netflix, hbo max, prime video, disney+, wow)",22,22,22,topseller_tv_name_main_bsr,25,25,,S0IFT07GF08J,https://www.otto.de/p/medion-md865301-lcd-led-fernseher-163-9-cm-65-zoll-4k-ultra-hd-smart-tv-dolby-vision-dolby-atmos-netflix-hbo-max-prime-video-disneyplus-wow-S0DJ806K/?variationId=S0IFT07GF08J,False,True
topseller,#reptile-search-result section.reptile-tile-list,26,26,21,,23,organic,placeholder_link_only,False,True,True,40333352,2093626031,2093626032,26,26,,https://www.otto.de/p/lg-65nu850b6la-led-fernseher-164-cm-65-zoll-4k-ultra-hd-smart-tv-2093626031/?variationId=2093626032,"LG 65NU850B6LA LED-Fernseher (164 cm/65 Zoll, 4K Ultra HD, Smart-TV)",,,,,,,,,,,,,tv_keyword,True,"lg 65nu850b6la led-fernseher (164 cm/65 zoll, 4k ultra hd, smart-tv)",23,23,23,topseller_tv_name_main_bsr,26,26,,2093626032,https://www.otto.de/p/lg-65nu850b6la-led-fernseher-164-cm-65-zoll-4k-ultra-hd-smart-tv-2093626031/?variationId=2093626032,False,True
topseller,#reptile-search-result section.reptile-tile-list,27,27,22,,24,organic,placeholder_link_only,False,True,True,74085358,1975567930,1975567931,27,27,,https://www.otto.de/p/samsung-gu75u7099fu-led-fernseher-189-cm-75-zoll-4k-ultra-hd-smart-tv-crystal-uhd-q-symphony-dolby-surround-sound-triple-tuner-smart-hub-1975567930/?variationId=1975567931,"Samsung GU75U7099FU LED-Fernseher (189 cm/75 Zoll, 4K Ultra HD, Smart-TV, Crystal UHD, Q-Symphony, Dolby Surround Sound, Triple Tuner, Smart-Hub)",,,,,,,,,,,,,tv_keyword,True,"samsung gu75u7099fu led-fernseher (189 cm/75 zoll, 4k ultra hd, smart-tv, crystal uhd, q-symphony, dolby surround sound, triple tuner, smart-hub)",24,24,24,topseller_tv_name_main_bsr,27,27,,1975567931,https://www.otto.de/p/samsung-gu75u7099fu-led-fernseher-189-cm-75-zoll-4k-ultra-hd-smart-tv-crystal-uhd-q-symphony-dolby-surround-sound-triple-tuner-smart-hub-1975567930/?variationId=1975567931,False,True
topseller,#reptile-search-result section.reptile-tile-list,28,28,23,,25,organic,placeholder_link_only,False,True,True,S0DJ806HQTR,S0DJ806H,S06ED0PF6AY2,28,28,,https://www.otto.de/p/medion-md865600-qled-fernseher-163-9-cm-65-zoll-4k-ultra-hd-smart-tv-vidaa-tv-dolby-vision-dolby-atmos-netflix-hbo-max-prime-video-disneyplus-wow-S0DJ806H/?variationId=S06ED0PF6AY2,"Medion® MD843600 QLED-Fernseher (108 cm/43 Zoll, 4K Ultra HD, Smart TV, VIDAA TV, Dolby Vision, Dolby Atmos, Netflix, HBO Max, Prime Video, Disney+, WOW)",,,,,,,,,,,,,tv_keyword,True,"medion® md843600 qled-fernseher (108 cm/43 zoll, 4k ultra hd, smart tv, vidaa tv, dolby vision, dolby atmos, netflix, hbo max, prime video, disney+, wow)",25,25,25,topseller_tv_name_main_bsr,28,28,,S06ED0PF6AY2,https://www.otto.de/p/medion-md865600-qled-fernseher-163-9-cm-65-zoll-4k-ultra-hd-smart-tv-vidaa-tv-dolby-vision-dolby-atmos-netflix-hbo-max-prime-video-disneyplus-wow-S0DJ806H/?variationId=S06ED0PF6AY2,False,True
topseller,#reptile-search-result section.reptile-tile-list,29,29,24,,26,organic,placeholder_link_only,False,True,True,38565503,1970617922,1970617923,29,29,,https://www.otto.de/p/philips-75pus7800-12-qled-fernseher-189-cm-75-zoll-4k-ultra-hd-smart-tv-pixel-precise-ultra-hd-hdr10plus-hlg-dolby-atmos-dts-x-sound-1970617922/?variationId=1970617923,"Philips 75PUS7800/12 QLED-Fernseher (189 cm/75 Zoll, 4K Ultra HD, Smart-TV, Pixel Precise Ultra HD, HDR10+ & HLG, Dolby Atmos & DTS:X Sound)",,,,,,,,,,,,,tv_keyword,True,"philips 75pus7800/12 qled-fernseher (189 cm/75 zoll, 4k ultra hd, smart-tv, pixel precise ultra hd, hdr10+ & hlg, dolby atmos & dts:x sound)",26,26,26,topseller_tv_name_main_bsr,29,29,,1970617923,https://www.otto.de/p/philips-75pus7800-12-qled-fernseher-189-cm-75-zoll-4k-ultra-hd-smart-tv-pixel-precise-ultra-hd-hdr10plus-hlg-dolby-atmos-dts-x-sound-1970617922/?variationId=1970617923,False,True
topseller,#reptile-search-result section.reptile-tile-list,31,31,26,,27,organic,placeholder_link_only,False,True,True,30295408,C1980401074,1980401075,31,31,,https://www.otto.de/p/philips-55pus7000-12-led-fernseher-139-cm-55-zoll-4k-ultra-hd-smart-tv-C1980401074/?variationId=1980401075,"Philips 55PUS7000/12 LED-Fernseher (139 cm/55 Zoll, 4K Ultra HD, Smart-TV)",,,,,,,,,,,,,tv_keyword,True,"philips 55pus7000/12 led-fernseher (139 cm/55 zoll, 4k ultra hd, smart-tv)",27,27,27,topseller_tv_name_main_bsr,31,31,,1980401075,https://www.otto.de/p/philips-55pus7000-12-led-fernseher-139-cm-55-zoll-4k-ultra-hd-smart-tv-C1980401074/?variationId=1980401075,False,True
topseller,#reptile-search-result section.reptile-tile-list,32,32,,6,28,sponsored,placeholder_link_only,False,True,True,54293357,1975567463,1975567464,32,32,sponsored,https://www.otto.de/p/samsung-gu65u8079fu-led-fernseher-163-cm-65-zoll-4k-ultra-hd-smart-tv-crystal-uhd-q-symphony-dolby-surround-sound-triple-tuner-smart-hub-1975567463/?variationId=1975567464,"GU65U8079FU LED-Fernseher (163 cm/65 Zoll, 4K Ultra HD, Smart-TV, Crystal UHD, Q-Symphony, Dolby Surround Sound, Triple Tuner, Smart-Hub)",,,,,,,,,Gesponsert,Sponsored,,,tv_keyword,True,"gu65u8079fu led-fernseher (163 cm/65 zoll, 4k ultra hd, smart-tv, crystal uhd, q-symphony, dolby surround sound, triple tuner, smart-hub)",28,28,28,topseller_tv_name_main_bsr,32,,32,1975567464,https://www.otto.de/p/samsung-gu65u8079fu-led-fernseher-163-cm-65-zoll-4k-ultra-hd-smart-tv-crystal-uhd-q-symphony-dolby-surround-sound-triple-tuner-smart-hub-1975567463/?variationId=1975567464,True,False
topseller,#reptile-search-result section.reptile-tile-list,33,33,27,,29,organic,placeholder_link_only,False,True,True,38696940,1975567876,1975567878,33,33,,https://www.otto.de/p/samsung-gu85u8079fu-led-fernseher-214-cm-85-zoll-4k-ultra-hd-smart-tv-crystal-uhd-q-symphony-dolby-surround-sound-triple-tuner-smart-hub-1975567876/?variationId=1975567878,"Samsung GU85U8079FU LED-Fernseher (214 cm/85 Zoll, 4K Ultra HD, Smart-TV, Crystal UHD, Q-Symphony, Dolby Surround Sound, Triple Tuner, Smart-Hub)",,,,,,,,,,,,,tv_keyword,True,"samsung gu85u8079fu led-fernseher (214 cm/85 zoll, 4k ultra hd, smart-tv, crystal uhd, q-symphony, dolby surround sound, triple tuner, smart-hub)",29,29,29,topseller_tv_name_main_bsr,33,33,,1975567878,https://www.otto.de/p/samsung-gu85u8079fu-led-fernseher-214-cm-85-zoll-4k-ultra-hd-smart-tv-crystal-uhd-q-symphony-dolby-surround-sound-triple-tuner-smart-hub-1975567876/?variationId=1975567878,False,True
topseller,#reptile-search-result section.reptile-tile-list,34,34,28,,30,organic,placeholder_link_only,False,True,True,S01H00Y4,C1955108292,S01H00Y49LOC,34,34,,https://www.otto.de/p/hisense-50e77q-qled-fernseher-126-cm-50-zoll-4k-ultra-hd-smart-tv-4k-uhd-qled-C1955108292/?variationId=S01H00Y49LOC,"Hisense 50E77Q QLED-Fernseher (108 cm/50 Zoll, 4K Ultra HD)",,,,,,,,,,,,,tv_keyword,True,"hisense 50e77q qled-fernseher (108 cm/50 zoll, 4k ultra hd)",30,30,30,topseller_tv_name_main_bsr,34,34,,S01H00Y49LOC,https://www.otto.de/p/hisense-50e77q-qled-fernseher-126-cm-50-zoll-4k-ultra-hd-smart-tv-4k-uhd-qled-C1955108292/?variationId=S01H00Y49LOC,False,True
topseller,#reptile-search-result section.reptile-tile-list,35,35,29,,31,organic,placeholder_link_only,False,True,True,87158709,C2022351559,2022351560,35,35,,https://www.otto.de/p/philips-32pfs6000-12-led-fernseher-80-cm-32-zoll-full-hd-smart-tv-C2022351559/?variationId=2022351560,"Philips 32PFS6000/12 LED-Fernseher (80 cm/32 Zoll, Full HD, Smart-TV)",,,,,,,,,,,,,tv_keyword,True,"philips 32pfs6000/12 led-fernseher (80 cm/32 zoll, full hd, smart-tv)",31,31,31,topseller_tv_name_main_bsr,35,35,,2022351560,https://www.otto.de/p/philips-32pfs6000-12-led-fernseher-80-cm-32-zoll-full-hd-smart-tv-C2022351559/?variationId=2022351560,False,True
topseller,#reptile-search-result section.reptile-tile-list,36,36,30,,32,organic,placeholder_link_only,False,True,True,33675058,C2087551476,2087551477,36,36,,https://www.otto.de/p/hisense-65e7s-qled-fernseher-164-cm-65-zoll-4k-ultra-hd-smart-tv-C2087551476/?variationId=2087551477,"Hisense 65E7S QLED-Fernseher (164 cm/65 Zoll, 4K Ultra HD, Smart-TV)",,,,,,,,,,,,,tv_keyword,True,"hisense 65e7s qled-fernseher (164 cm/65 zoll, 4k ultra hd, smart-tv)",32,32,32,topseller_tv_name_main_bsr,36,36,,2087551477,https://www.otto.de/p/hisense-65e7s-qled-fernseher-164-cm-65-zoll-4k-ultra-hd-smart-tv-C2087551476/?variationId=2087551477,False,True
topseller,#reptile-search-result section.reptile-tile-list,37,37,31,,33,organic,placeholder_link_only,False,True,True,60990040,C1955108337,1955108338,37,37,,https://www.otto.de/p/hisense-43e77q-qled-fernseher-108-cm-43-zoll-4k-ultra-hd-smart-tv-4k-uhd-qled-C1955108337/?variationId=1955108338,"Hisense 43E77Q QLED-Fernseher (108 cm/43 Zoll, 4K Ultra HD, Smart-TV, 4K UHD QLED)",,,,,,,,,,,,,tv_keyword,True,"hisense 43e77q qled-fernseher (108 cm/43 zoll, 4k ultra hd, smart-tv, 4k uhd qled)",33,33,33,topseller_tv_name_main_bsr,37,37,,1955108338,https://www.otto.de/p/hisense-43e77q-qled-fernseher-108-cm-43-zoll-4k-ultra-hd-smart-tv-4k-uhd-qled-C1955108337/?variationId=1955108338,False,True
topseller,#reptile-search-result section.reptile-tile-list,39,39,33,,34,organic,placeholder_link_only,False,True,True,S03H00EE,S03H00EE,S03H00EE3YGH,39,39,,https://www.otto.de/p/jtc-24-jtcsq32h39330g-qled-fernseher-80-cm-32-zoll-hd-ready-google-tv-32-zoll-qled-android-tv-sprachsteuerung-triple-tuner-bluetooth-S03H00EE/?variationId=S03H00EE3YGH,"JTC-24 JTCSQ32H39330G QLED-Fernseher (80 cm/32 Zoll, HD ready, Google TV, 32 Zoll, QLED, Android TV, Sprachsteuerung, Triple Tuner, Bluetooth)",,,,,,,,,,,,,tv_keyword,True,"jtc-24 jtcsq32h39330g qled-fernseher (80 cm/32 zoll, hd ready, google tv, 32 zoll, qled, android tv, sprachsteuerung, triple tuner, bluetooth)",34,34,34,topseller_tv_name_main_bsr,39,39,,S03H00EE3YGH,https://www.otto.de/p/jtc-24-jtcsq32h39330g-qled-fernseher-80-cm-32-zoll-hd-ready-google-tv-32-zoll-qled-android-tv-sprachsteuerung-triple-tuner-bluetooth-S03H00EE/?variationId=S03H00EE3YGH,False,True
topseller,#reptile-search-result section.reptile-tile-list,40,40,,7,35,sponsored,placeholder_link_only,False,True,True,40598822,1975567879,1975567880,40,40,sponsored,https://www.otto.de/p/samsung-gu55u7099fu-led-fernseher-139-cm-55-zoll-4k-ultra-hd-smart-tv-crystal-uhd-q-symphony-dolby-surround-sound-triple-tuner-smart-hub-1975567879/?variationId=1975567880,"GU55U7099FU LED-Fernseher (139 cm/55 Zoll, 4K Ultra HD, Smart-TV, Crystal UHD, Q-Symphony, Dolby Surround Sound, Triple Tuner, Smart-Hub)",,,,,,,,,Gesponsert,Sponsored,,,tv_keyword,True,"gu55u7099fu led-fernseher (139 cm/55 zoll, 4k ultra hd, smart-tv, crystal uhd, q-symphony, dolby surround sound, triple tuner, smart-hub)",35,35,35,topseller_tv_name_main_bsr,40,,40,1975567880,https://www.otto.de/p/samsung-gu55u7099fu-led-fernseher-139-cm-55-zoll-4k-ultra-hd-smart-tv-crystal-uhd-q-symphony-dolby-surround-sound-triple-tuner-smart-hub-1975567879/?variationId=1975567880,True,False
topseller,#reptile-search-result section.reptile-tile-list,41,41,34,,36,organic,placeholder_link_only,False,True,True,51838924,2024627863,2024627864,41,41,,https://www.otto.de/p/lg-27lx6tdga-led-fernseher-68-cm-27-zoll-qhd-smart-tv-2024627863/?variationId=2024627864,"LG 27LX6TDGA LED-Fernseher (68 cm/27 Zoll, QHD, Smart-TV)",,,,,,,,,,,,,tv_keyword,True,"lg 27lx6tdga led-fernseher (68 cm/27 zoll, qhd, smart-tv)",36,36,36,topseller_tv_name_main_bsr,41,41,,2024627864,https://www.otto.de/p/lg-27lx6tdga-led-fernseher-68-cm-27-zoll-qhd-smart-tv-2024627863/?variationId=2024627864,False,True
topseller,#reptile-search-result section.reptile-tile-list,42,42,35,,37,organic,placeholder_link_only,False,True,True,50665126,1975567809,1975567811,42,42,,https://www.otto.de/p/samsung-gq65s90fat-oled-fernseher-163-cm-65-zoll-4k-ultra-hd-smart-tv-hdrplus-dolby-atmos-ai-sound-gaming-hub-upscaling-pro-bis-zu-144hz-1975567809/?variationId=1975567811,"Samsung GQ65S90FAT OLED-Fernseher (163 cm/65 Zoll, 4K Ultra HD, Smart-TV, HDR+, Dolby Atmos & AI Sound, Gaming Hub, Upscaling Pro, bis zu 144Hz)",,,,,,,,,,,,,tv_keyword,True,"samsung gq65s90fat oled-fernseher (163 cm/65 zoll, 4k ultra hd, smart-tv, hdr+, dolby atmos & ai sound, gaming hub, upscaling pro, bis zu 144hz)",37,37,37,topseller_tv_name_main_bsr,42,42,,1975567811,https://www.otto.de/p/samsung-gq65s90fat-oled-fernseher-163-cm-65-zoll-4k-ultra-hd-smart-tv-hdrplus-dolby-atmos-ai-sound-gaming-hub-upscaling-pro-bis-zu-144hz-1975567809/?variationId=1975567811,False,True
topseller,#reptile-search-result section.reptile-tile-list,43,43,36,,38,organic,placeholder_link_only,False,True,True,54093852,C2093628489,1962381501,43,43,,https://www.otto.de/p/tcl-55v6cx2-led-fernseher-139-cm-55-zoll-4k-ultra-hd-smart-tv-google-tv-4k-hdr-multi-hdr-dolby-vision-game-master-smart-tv-apple-tv-C2093628489/?variationId=1962381501,"TCL 55V6CX2 LED-Fernseher (139 cm/55 Zoll, 4K Ultra HD, Smart-TV, Google TV, 4K HDR, Multi-HDR, Dolby Vision, Game Master, Smart TV, Apple TV)",,,,,,,,,,,,,tv_keyword,True,"tcl 55v6cx2 led-fernseher (139 cm/55 zoll, 4k ultra hd, smart-tv, google tv, 4k hdr, multi-hdr, dolby vision, game master, smart tv, apple tv)",38,38,38,topseller_tv_name_main_bsr,43,43,,1962381501,https://www.otto.de/p/tcl-55v6cx2-led-fernseher-139-cm-55-zoll-4k-ultra-hd-smart-tv-google-tv-4k-hdr-multi-hdr-dolby-vision-game-master-smart-tv-apple-tv-C2093628489/?variationId=1962381501,False,True
topseller,#reptile-search-result section.reptile-tile-list,44,44,37,,39,organic,placeholder_link_only,False,True,True,91784847,C1980401038,1980401039,44,44,,https://www.otto.de/p/philips-43pus7000-12-led-fernseher-108-cm-43-zoll-4k-ultra-hd-smart-tv-pixel-precise-uhd-hdr10plus-dolby-atmos-dts-x-sound-gaming-C1980401038/?variationId=1980401039,"Philips 43PUS7000/12 LED-Fernseher (108 cm/43 Zoll, 4K Ultra HD, Smart-TV, Pixel Precise UHD, HDR10+, Dolby Atmos & DTS:X Sound, Gaming)",,,,,,,,,,,,,tv_keyword,True,"philips 43pus7000/12 led-fernseher (108 cm/43 zoll, 4k ultra hd, smart-tv, pixel precise uhd, hdr10+, dolby atmos & dts:x sound, gaming)",39,39,39,topseller_tv_name_main_bsr,44,44,,1980401039,https://www.otto.de/p/philips-43pus7000-12-led-fernseher-108-cm-43-zoll-4k-ultra-hd-smart-tv-pixel-precise-uhd-hdr10plus-dolby-atmos-dts-x-sound-gaming-C1980401038/?variationId=1980401039,False,True
topseller,#reptile-search-result section.reptile-tile-list,45,45,38,,40,organic,placeholder_link_only,False,True,True,81251256,C1994700742,1994700743,45,45,,https://www.otto.de/p/sharp-4t-c50hp5265eb-led-fernseher-50-zoll-4k-uhd-google-tv-hohe-bildqualitaet-und-farbdarstellung-C1994700742/?variationId=1994700743,"Sharp 4T-C50HPx QLED-Fernseher (126 cm/50 Zoll, 4K Ultra HD, Smart-TV, Google TV)",,,,,,,,,,,,,tv_keyword,True,"sharp 4t-c50hpx qled-fernseher (126 cm/50 zoll, 4k ultra hd, smart-tv, google tv)",40,40,40,topseller_tv_name_main_bsr,45,45,,1994700743,https://www.otto.de/p/sharp-4t-c50hp5265eb-led-fernseher-50-zoll-4k-uhd-google-tv-hohe-bildqualitaet-und-farbdarstellung-C1994700742/?variationId=1994700743,False,True
topseller,#reptile-search-result section.reptile-tile-list,46,46,39,,41,organic,placeholder_link_only,False,True,True,12835934,1975567839,1975567840,46,46,,https://www.otto.de/p/samsung-gq55q7faau-qled-fernseher-138-cm-55-zoll-4k-ultra-hd-smart-tv-quantum-hdr-knox-security-art-store-3d-sound-gaming-hub-ai-tv-1975567839/?variationId=1975567840,"Samsung GQ55Q7FAAU QLED-Fernseher (138 cm/55 Zoll, 4K Ultra HD, Smart-TV, Quantum HDR, Knox Security, Art Store, 3D Sound, Gaming Hub, AI TV)",,,,,,,,,,,,,tv_keyword,True,"samsung gq55q7faau qled-fernseher (138 cm/55 zoll, 4k ultra hd, smart-tv, quantum hdr, knox security, art store, 3d sound, gaming hub, ai tv)",41,41,41,topseller_tv_name_main_bsr,46,46,,1975567840,https://www.otto.de/p/samsung-gq55q7faau-qled-fernseher-138-cm-55-zoll-4k-ultra-hd-smart-tv-quantum-hdr-knox-security-art-store-3d-sound-gaming-hub-ai-tv-1975567839/?variationId=1975567840,False,True
topseller,#reptile-search-result section.reptile-tile-list,47,47,40,,42,organic,placeholder_link_only,False,True,True,S0ABE05W,S0ABE05W,S0ABE05W4D8Y,47,47,,https://www.otto.de/p/jtc-24-jtcs50u39501flw-led-fernseher-126-00-cm-50-zoll-4k-ultra-hd-smart-tv-hdr-lan-wlan-dlna-miracast-wifi-display-bluetooth-rahmenlos-S0ABE05W/?variationId=S0ABE05W4D8Y,"JTC-24 JTCS50U39501FLW LED-Fernseher (126,00 cm/50 Zoll, 4K Ultra HD, Smart-TV, HDR, LAN/WLAN, DLNA, Miracast WiFi Display, Bluetooth, rahmenlos)",,,,,,,,,,,,,tv_keyword,True,"jtc-24 jtcs50u39501flw led-fernseher (126,00 cm/50 zoll, 4k ultra hd, smart-tv, hdr, lan/wlan, dlna, miracast wifi display, bluetooth, rahmenlos)",42,42,42,topseller_tv_name_main_bsr,47,47,,S0ABE05W4D8Y,https://www.otto.de/p/jtc-24-jtcs50u39501flw-led-fernseher-126-00-cm-50-zoll-4k-ultra-hd-smart-tv-hdr-lan-wlan-dlna-miracast-wifi-display-bluetooth-rahmenlos-S0ABE05W/?variationId=S0ABE05W4D8Y,False,True
topseller,#reptile-search-result section.reptile-tile-list,48,48,,8,43,sponsored,placeholder_link_only,False,True,True,50665126,1975567809,1975567811,48,48,sponsored,https://www.otto.de/p/samsung-gq65s90fat-oled-fernseher-163-cm-65-zoll-4k-ultra-hd-smart-tv-hdrplus-dolby-atmos-ai-sound-gaming-hub-upscaling-pro-bis-zu-144hz-1975567809/?variationId=1975567811,"GQ65S90FAT OLED-Fernseher (163 cm/65 Zoll, 4K Ultra HD, Smart-TV, HDR+, Dolby Atmos & AI Sound, Gaming Hub, Upscaling Pro, bis zu 144Hz)",,,,,,,,,Gesponsert,Sponsored,,,tv_keyword,True,"gq65s90fat oled-fernseher (163 cm/65 zoll, 4k ultra hd, smart-tv, hdr+, dolby atmos & ai sound, gaming hub, upscaling pro, bis zu 144hz)",43,43,43,topseller_tv_name_main_bsr,48,,48,1975567811,https://www.otto.de/p/samsung-gq65s90fat-oled-fernseher-163-cm-65-zoll-4k-ultra-hd-smart-tv-hdrplus-dolby-atmos-ai-sound-gaming-hub-upscaling-pro-bis-zu-144hz-1975567809/?variationId=1975567811,True,False
topseller,#reptile-search-result section.reptile-tile-list,49,49,41,,44,organic,placeholder_link_only,False,True,True,25597924,2077443306,2077443308,49,49,,https://www.otto.de/p/samsung-ue27lsm7fax-led-fernseher-68-cm-27-zoll-qhd-smart-tv-2077443306/?variationId=2077443308,"Samsung UE27LSM7FAX LED-Fernseher (68 cm/27 Zoll, QHD, Smart-TV)",,,,,,,,,,,,,tv_keyword,True,"samsung ue27lsm7fax led-fernseher (68 cm/27 zoll, qhd, smart-tv)",44,44,44,topseller_tv_name_main_bsr,49,49,,2077443308,https://www.otto.de/p/samsung-ue27lsm7fax-led-fernseher-68-cm-27-zoll-qhd-smart-tv-2077443306/?variationId=2077443308,False,True
topseller,#reptile-search-result section.reptile-tile-list,50,50,42,,45,organic,placeholder_link_only,False,True,True,11654767,1962381523,1962381524,50,50,,https://www.otto.de/p/tcl-65p81kxb-qled-fernseher-164-cm-65-zoll-4k-ultra-hd-smart-tv-google-tv-144hz-multi-hdr-dolby-vision-game-master-smart-tv-apple-tv-onkyo-1962381523/?variationId=1962381524,"TCL 65P81KXB QLED-Fernseher (164 cm/65 Zoll, 4K Ultra HD, Smart-TV, Google TV, 144Hz, Multi-HDR, Dolby Vision, Game Master, Smart TV, Apple TV, ONKYO)",,,,,,,,,,,,,tv_keyword,True,"tcl 65p81kxb qled-fernseher (164 cm/65 zoll, 4k ultra hd, smart-tv, google tv, 144hz, multi-hdr, dolby vision, game master, smart tv, apple tv, onkyo)",45,45,45,topseller_tv_name_main_bsr,50,50,,1962381524,https://www.otto.de/p/tcl-65p81kxb-qled-fernseher-164-cm-65-zoll-4k-ultra-hd-smart-tv-google-tv-144hz-multi-hdr-dolby-vision-game-master-smart-tv-apple-tv-onkyo-1962381523/?variationId=1962381524,False,True
topseller,#reptile-search-result section.reptile-tile-list,51,51,43,,46,organic,placeholder_link_only,False,True,True,27167261,1966695244,1966695245,51,51,,https://www.otto.de/p/tcl-98q7cx7-mini-led-fernseher-248-cm-98-zoll-4k-ultra-hd-smart-tv-google-tv-audio-von-bang-olufsen-dolby-vision-smart-tv-apple-tv-4k-hdr-1966695244/?variationId=1966695245,"TCL 98Q7CX7 Mini-LED-Fernseher (248 cm/98 Zoll, 4K Ultra HD, Smart-TV, Google TV, Audio von Bang & Olufsen, Dolby Vision, Smart TV, Apple TV, 4K HDR)",,,,,,,,,,,,,tv_keyword,True,"tcl 98q7cx7 mini-led-fernseher (248 cm/98 zoll, 4k ultra hd, smart-tv, google tv, audio von bang & olufsen, dolby vision, smart tv, apple tv, 4k hdr)",46,46,46,topseller_tv_name_main_bsr,51,51,,1966695245,https://www.otto.de/p/tcl-98q7cx7-mini-led-fernseher-248-cm-98-zoll-4k-ultra-hd-smart-tv-google-tv-audio-von-bang-olufsen-dolby-vision-smart-tv-apple-tv-4k-hdr-1966695244/?variationId=1966695245,False,True
topseller,#reptile-search-result section.reptile-tile-list,52,52,44,,47,organic,placeholder_link_only,False,True,True,34568554,C1955108311,1955108313,52,52,,https://www.otto.de/p/hisense-55e77q-pro-qled-fernseher-139-cm-55-zoll-4k-ultra-hd-smart-tv-4k-uhd-qled-C1955108311/?variationId=1955108313,"Hisense 55E77Q PRO QLED-Fernseher (139 cm/55 Zoll, 4K Ultra HD, Smart-TV, 4K UHD QLED)",,,,,,,,,,,,,tv_keyword,True,"hisense 55e77q pro qled-fernseher (139 cm/55 zoll, 4k ultra hd, smart-tv, 4k uhd qled)",47,47,47,topseller_tv_name_main_bsr,52,52,,1955108313,https://www.otto.de/p/hisense-55e77q-pro-qled-fernseher-139-cm-55-zoll-4k-ultra-hd-smart-tv-4k-uhd-qled-C1955108311/?variationId=1955108313,False,True
topseller,#reptile-search-result section.reptile-tile-list,53,53,45,,48,organic,placeholder_link_only,False,True,True,52275229,1975567478,1975567481,53,53,,https://www.otto.de/p/samsung-gq65s85fae-oled-fernseher-163-cm-65-zoll-4k-ultra-hd-smart-tv-hdr-dolby-atmos-ai-sound-pantone-farben-gaming-hub-bis-zu-120hz-1975567478/?variationId=1975567481,"Samsung GQ65S85FAE OLED-Fernseher (163 cm/65 Zoll, 4K Ultra HD, Smart-TV, HDR, Dolby Atmos & AI Sound, Pantone Farben, Gaming Hub, bis zu 120Hz)",,,,,,,,,,,,,tv_keyword,True,"samsung gq65s85fae oled-fernseher (163 cm/65 zoll, 4k ultra hd, smart-tv, hdr, dolby atmos & ai sound, pantone farben, gaming hub, bis zu 120hz)",48,48,48,topseller_tv_name_main_bsr,53,53,,1975567481,https://www.otto.de/p/samsung-gq65s85fae-oled-fernseher-163-cm-65-zoll-4k-ultra-hd-smart-tv-hdr-dolby-atmos-ai-sound-pantone-farben-gaming-hub-bis-zu-120hz-1975567478/?variationId=1975567481,False,True
topseller,#reptile-search-result section.reptile-tile-list,54,54,46,,49,organic,placeholder_link_only,False,True,True,85228123,2093625842,2093625843,54,54,,https://www.otto.de/p/lg-75nu850b6la-dled-fernseher-189-cm-75-zoll-4k-ultra-hd-smart-tv-2093625842/?variationId=2093625843,"LG 75NU850B6LA DLED-Fernseher (189 cm/75 Zoll, 4K Ultra HD, Smart-TV)",,,,,,,,,,,,,tv_keyword,True,"lg 75nu850b6la dled-fernseher (189 cm/75 zoll, 4k ultra hd, smart-tv)",49,49,49,topseller_tv_name_main_bsr,54,54,,2093625843,https://www.otto.de/p/lg-75nu850b6la-dled-fernseher-189-cm-75-zoll-4k-ultra-hd-smart-tv-2093625842/?variationId=2093625843,False,True
topseller,#reptile-search-result section.reptile-tile-list,55,55,47,,50,organic,placeholder_link_only,False,True,True,22165346,1970617854,1970617855,55,55,,https://www.otto.de/p/philips-55pus8000-12-led-fernseher-139-cm-55-zoll-4k-ultra-hd-smart-tv-ambilight-pixel-precise-uhd-hdr10plus-hlg-gaming-dolby-atmos-1970617854/?variationId=1970617855,"Philips 55PUS8000/12 LED-Fernseher (139 cm/55 Zoll, 4K Ultra HD, Smart-TV, Ambilight, Pixel Precise UHD, HDR10+ & HLG, Gaming, Dolby Atmos)",,,,,,,,,,,,,tv_keyword,True,"philips 55pus8000/12 led-fernseher (139 cm/55 zoll, 4k ultra hd, smart-tv, ambilight, pixel precise uhd, hdr10+ & hlg, gaming, dolby atmos)",50,50,50,topseller_tv_name_main_bsr,55,55,,1970617855,https://www.otto.de/p/philips-55pus8000-12-led-fernseher-139-cm-55-zoll-4k-ultra-hd-smart-tv-ambilight-pixel-precise-uhd-hdr10plus-hlg-gaming-dolby-atmos-1970617854/?variationId=1970617855,False,True
topseller,#reptile-search-result section.reptile-tile-list,56,56,,9,51,sponsored,placeholder_link_only,False,True,True,47409007,1844694669,1844694670,56,56,sponsored,https://www.otto.de/p/samsung-gu98du9079u-led-fernseher-249-cm-98-zoll-4k-ultra-hd-smart-tv-crystal-uhd-q-symphony-dolby-surround-sound-triple-tuner-smart-hub-1844694669/?variationId=1844694670,"GU98DU9079U LED-Fernseher (249 cm/98 Zoll, 4K Ultra HD, Smart-TV, Crystal UHD, Q-Symphony, Dolby Surround Sound, Triple Tuner, Smart-Hub)",,,,,,,,,Gesponsert,Sponsored,,,tv_keyword,True,"gu98du9079u led-fernseher (249 cm/98 zoll, 4k ultra hd, smart-tv, crystal uhd, q-symphony, dolby surround sound, triple tuner, smart-hub)",51,51,51,topseller_tv_name_main_bsr,56,,56,1844694670,https://www.otto.de/p/samsung-gu98du9079u-led-fernseher-249-cm-98-zoll-4k-ultra-hd-smart-tv-crystal-uhd-q-symphony-dolby-surround-sound-triple-tuner-smart-hub-1844694669/?variationId=1844694670,True,False
topseller,#reptile-search-result section.reptile-tile-list,57,57,48,,52,organic,placeholder_link_only,False,True,True,S0DJ806DQTR,S0DJ806D,S0IFT0797TWX,57,57,,https://www.otto.de/p/medion-md855601-qled-fernseher-138-8-cm-55-zoll-4k-ultra-hd-smart-tv-dolby-vision-dolby-atmos-netflix-hbo-max-prime-video-disneyplus-wow-S0DJ806D/?variationId=S0IFT0797TWX,"Medion® MD843601 QLED-Fernseher (108 cm/43 Zoll, 4K Ultra HD, Smart-TV, Dolby Vision, Dolby Atmos, Netflix, HBO Max, Prime Video, Disney+, WOW)",,,,,,,,,,,,,tv_keyword,True,"medion® md843601 qled-fernseher (108 cm/43 zoll, 4k ultra hd, smart-tv, dolby vision, dolby atmos, netflix, hbo max, prime video, disney+, wow)",52,52,52,topseller_tv_name_main_bsr,57,57,,S0IFT0797TWX,https://www.otto.de/p/medion-md855601-qled-fernseher-138-8-cm-55-zoll-4k-ultra-hd-smart-tv-dolby-vision-dolby-atmos-netflix-hbo-max-prime-video-disneyplus-wow-S0DJ806D/?variationId=S0IFT0797TWX,False,True
topseller,#reptile-search-result section.reptile-tile-list,59,59,50,,53,organic,placeholder_link_only,False,True,True,53088944,C1970617890,1970617891,59,59,,https://www.otto.de/p/philips-32pfs6900-12-led-fernseher-80-cm-32-zoll-full-hd-smart-tv-ambilight-pixel-plus-hd-hdr10-hlg-dolby-audio-vocal-boost-C1970617890/?variationId=1970617891,"Philips 32PFS6900/12 LED-Fernseher (80 cm/32 Zoll, Full HD, Smart-TV, Ambilight, Pixel Plus HD, HDR10 & HLG, Dolby Audio, Vocal Boost)",,,,,,,,,,,,,tv_keyword,True,"philips 32pfs6900/12 led-fernseher (80 cm/32 zoll, full hd, smart-tv, ambilight, pixel plus hd, hdr10 & hlg, dolby audio, vocal boost)",53,53,53,topseller_tv_name_main_bsr,59,59,,1970617891,https://www.otto.de/p/philips-32pfs6900-12-led-fernseher-80-cm-32-zoll-full-hd-smart-tv-ambilight-pixel-plus-hd-hdr10-hlg-dolby-audio-vocal-boost-C1970617890/?variationId=1970617891,False,True
topseller,#reptile-search-result section.reptile-tile-list,61,61,52,,54,organic,placeholder_link_only,False,True,True,66250507,1975567984,1975567985,61,61,,https://www.otto.de/p/samsung-gq55qn70fau-qled-fernseher-138-cm-55-zoll-4k-ultra-hd-smart-tv-neo-quantum-hdr-4k-ai-upscaling-gaming-hub-motion-xcelerator-144hz-1975567984/?variationId=1975567985,"Samsung GQ55QN70FAU QLED-Fernseher (138 cm/55 Zoll, 4K Ultra HD, Smart-TV, Neo Quantum HDR, 4K AI Upscaling, Gaming Hub, Motion Xcelerator 144Hz)",,,,,,,,,,,,,tv_keyword,True,"samsung gq55qn70fau qled-fernseher (138 cm/55 zoll, 4k ultra hd, smart-tv, neo quantum hdr, 4k ai upscaling, gaming hub, motion xcelerator 144hz)",54,54,54,topseller_tv_name_main_bsr,61,61,,1975567985,https://www.otto.de/p/samsung-gq55qn70fau-qled-fernseher-138-cm-55-zoll-4k-ultra-hd-smart-tv-neo-quantum-hdr-4k-ai-upscaling-gaming-hub-motion-xcelerator-144hz-1975567984/?variationId=1975567985,False,True
topseller,#reptile-search-result section.reptile-tile-list,62,62,53,,55,organic,placeholder_link_only,False,True,True,S0FFD0DQ,S0FFD0DQ,S0FFD0DQHEXW,62,62,,https://www.otto.de/p/jvc-lt-24vrh3555-lcd-led-fernseher-60-cm-24-zoll-hd-ready-fire-tv-fire-tv-smart-tv-hdr-alexa-built-in-triple-tuner-S0FFD0DQ/?variationId=S0FFD0DQHEXW,"JVC LT-24VRH3555 LCD-LED Fernseher (60 cm/24 Zoll, HD-ready, Fire TV, Fire TV / Smart TV, HDR, Alexa Built-In, Triple-Tuner)",,,,,,,,,,,,,tv_keyword,True,"jvc lt-24vrh3555 lcd-led fernseher (60 cm/24 zoll, hd-ready, fire tv, fire tv / smart tv, hdr, alexa built-in, triple-tuner)",55,55,55,topseller_tv_name_main_bsr,62,62,,S0FFD0DQHEXW,https://www.otto.de/p/jvc-lt-24vrh3555-lcd-led-fernseher-60-cm-24-zoll-hd-ready-fire-tv-fire-tv-smart-tv-hdr-alexa-built-in-triple-tuner-S0FFD0DQ/?variationId=S0FFD0DQHEXW,False,True
topseller,#reptile-search-result section.reptile-tile-list,63,63,54,,56,organic,placeholder_link_only,False,True,True,54293357,1975567463,1975567464,63,63,,https://www.otto.de/p/samsung-gu65u8079fu-led-fernseher-163-cm-65-zoll-4k-ultra-hd-smart-tv-crystal-uhd-q-symphony-dolby-surround-sound-triple-tuner-smart-hub-1975567463/?variationId=1975567464,"Samsung GU65U8079FU LED-Fernseher (163 cm/65 Zoll, 4K Ultra HD, Smart-TV, Crystal UHD, Q-Symphony, Dolby Surround Sound, Triple Tuner, Smart-Hub)",,,,,,,,,,,,,tv_keyword,True,"samsung gu65u8079fu led-fernseher (163 cm/65 zoll, 4k ultra hd, smart-tv, crystal uhd, q-symphony, dolby surround sound, triple tuner, smart-hub)",56,56,56,topseller_tv_name_main_bsr,63,63,,1975567464,https://www.otto.de/p/samsung-gu65u8079fu-led-fernseher-163-cm-65-zoll-4k-ultra-hd-smart-tv-crystal-uhd-q-symphony-dolby-surround-sound-triple-tuner-smart-hub-1975567463/?variationId=1975567464,False,True
topseller,#reptile-search-result section.reptile-tile-list,64,64,,10,57,sponsored,placeholder_link_only,False,True,True,44010563,1975568020,1975568021,64,64,sponsored,https://www.otto.de/p/samsung-gq65q7faau-qled-fernseher-163-cm-65-zoll-4k-ultra-hd-smart-tv-quantum-hdr-knox-security-art-store-3d-sound-gaming-hub-ai-tv-1975568020/?variationId=1975568021,"GQ65Q7FAAU QLED-Fernseher (163 cm/65 Zoll, 4K Ultra HD, Smart-TV, Quantum HDR, Knox Security, Art Store, 3D Sound, Gaming Hub, AI TV)",,,,,,,,,Gesponsert,Sponsored,,,tv_keyword,True,"gq65q7faau qled-fernseher (163 cm/65 zoll, 4k ultra hd, smart-tv, quantum hdr, knox security, art store, 3d sound, gaming hub, ai tv)",57,57,57,topseller_tv_name_main_bsr,64,,64,1975568021,https://www.otto.de/p/samsung-gq65q7faau-qled-fernseher-163-cm-65-zoll-4k-ultra-hd-smart-tv-quantum-hdr-knox-security-art-store-3d-sound-gaming-hub-ai-tv-1975568020/?variationId=1975568021,True,False
topseller,#reptile-search-result section.reptile-tile-list,65,65,55,,58,organic,placeholder_link_only,False,True,True,78173651,1968874107,1968874108,65,65,,https://www.otto.de/p/lg-oled48b59la-oled-fernseher-121-cm-48-zoll-4k-ultra-hd-smart-tv-1968874107/?variationId=1968874108,"LG OLED48B59LA OLED-Fernseher (121 cm/48 Zoll, 4K Ultra HD, Smart-TV)",,,,,,,,,,,,,tv_keyword,True,"lg oled48b59la oled-fernseher (121 cm/48 zoll, 4k ultra hd, smart-tv)",58,58,58,topseller_tv_name_main_bsr,65,65,,1968874108,https://www.otto.de/p/lg-oled48b59la-oled-fernseher-121-cm-48-zoll-4k-ultra-hd-smart-tv-1968874107/?variationId=1968874108,False,True
topseller,#reptile-search-result section.reptile-tile-list,66,66,56,,59,organic,placeholder_link_only,False,True,True,13411740,1975567750,1975567753,66,66,,https://www.otto.de/p/samsung-gq75qn70fau-qled-fernseher-189-cm-75-zoll-4k-ultra-hd-smart-tv-neo-quantum-hdr-4k-ai-upscaling-gaming-hub-motion-xcelerator-144hz-1975567750/?variationId=1975567753,"Samsung GQ75QN70FAU QLED-Fernseher (189 cm/75 Zoll, 4K Ultra HD, Smart-TV, Neo Quantum HDR, 4K AI Upscaling, Gaming Hub, Motion Xcelerator 144Hz)",,,,,,,,,,,,,tv_keyword,True,"samsung gq75qn70fau qled-fernseher (189 cm/75 zoll, 4k ultra hd, smart-tv, neo quantum hdr, 4k ai upscaling, gaming hub, motion xcelerator 144hz)",59,59,59,topseller_tv_name_main_bsr,66,66,,1975567753,https://www.otto.de/p/samsung-gq75qn70fau-qled-fernseher-189-cm-75-zoll-4k-ultra-hd-smart-tv-neo-quantum-hdr-4k-ai-upscaling-gaming-hub-motion-xcelerator-144hz-1975567750/?variationId=1975567753,False,True
topseller,#reptile-search-result section.reptile-tile-list,67,67,57,,60,organic,placeholder_link_only,False,True,True,91535131,2093626166,2093626167,67,67,,https://www.otto.de/p/lg-85nu850b6la-led-fernseher-215-cm-85-zoll-4k-ultra-hd-smart-tv-2093626166/?variationId=2093626167,"LG 85NU850B6LA LED-Fernseher (215 cm/85 Zoll, 4K Ultra HD, Smart-TV)",,,,,,,,,,,,,tv_keyword,True,"lg 85nu850b6la led-fernseher (215 cm/85 zoll, 4k ultra hd, smart-tv)",60,60,60,topseller_tv_name_main_bsr,67,67,,2093626167,https://www.otto.de/p/lg-85nu850b6la-led-fernseher-215-cm-85-zoll-4k-ultra-hd-smart-tv-2093626166/?variationId=2093626167,False,True
topseller,#reptile-search-result section.reptile-tile-list,68,68,58,,61,organic,placeholder_link_only,False,True,True,72859027,1197586134,1197586135,68,68,,https://www.otto.de/p/telefunken-l24h550m4i-led-fernseher-60-cm-24-zoll-hd-ready-1197586134/?variationId=1197586135,"Telefunken L24H550M4I LED-Fernseher (60 cm/24 Zoll, HD-ready)",,,,,,,,,,,,,tv_keyword,True,"telefunken l24h550m4i led-fernseher (60 cm/24 zoll, hd-ready)",61,61,61,topseller_tv_name_main_bsr,68,68,,1197586135,https://www.otto.de/p/telefunken-l24h550m4i-led-fernseher-60-cm-24-zoll-hd-ready-1197586134/?variationId=1197586135,False,True
topseller,#reptile-search-result section.reptile-tile-list,69,69,59,,62,organic,placeholder_link_only,False,True,True,36228644,C2087551485,2087551486,69,69,,https://www.otto.de/p/hisense-75e7s-qled-fernseher-189-cm-75-zoll-4k-ultra-hd-smart-tv-C2087551485/?variationId=2087551486,"Hisense 75E7S QLED-Fernseher (189 cm/75 Zoll, 4K Ultra HD, Smart-TV)",,,,,,,,,,,,,tv_keyword,True,"hisense 75e7s qled-fernseher (189 cm/75 zoll, 4k ultra hd, smart-tv)",62,62,62,topseller_tv_name_main_bsr,69,69,,2087551486,https://www.otto.de/p/hisense-75e7s-qled-fernseher-189-cm-75-zoll-4k-ultra-hd-smart-tv-C2087551485/?variationId=2087551486,False,True
topseller,#reptile-search-result section.reptile-tile-list,70,70,60,,63,organic,placeholder_link_only,False,True,True,98502912,1975567989,1975567990,70,70,,https://www.otto.de/p/samsung-gq75q8faau-qled-fernseher-189-cm-75-zoll-4k-ultra-hd-smart-tv-quantum-hdrplus-knox-security-art-store-3d-sound-gaming-hub-ai-tv-1975567989/?variationId=1975567990,"Samsung GQ75Q8FAAU QLED-Fernseher (189 cm/75 Zoll, 4K Ultra HD, Smart-TV, Quantum HDR+, Knox Security, Art Store, 3D Sound, Gaming Hub, AI TV)",,,,,,,,,,,,,tv_keyword,True,"samsung gq75q8faau qled-fernseher (189 cm/75 zoll, 4k ultra hd, smart-tv, quantum hdr+, knox security, art store, 3d sound, gaming hub, ai tv)",63,63,63,topseller_tv_name_main_bsr,70,70,,1975567990,https://www.otto.de/p/samsung-gq75q8faau-qled-fernseher-189-cm-75-zoll-4k-ultra-hd-smart-tv-quantum-hdrplus-knox-security-art-store-3d-sound-gaming-hub-ai-tv-1975567989/?variationId=1975567990,False,True
topseller,#reptile-search-result section.reptile-tile-list,71,71,61,,64,organic,placeholder_link_only,False,True,True,11836422,1723522817,1723522818,71,71,,https://www.otto.de/p/sony-kd-85x80l-led-fernseher-215-cm-85-zoll-4k-ultra-hd-smart-tv-google-tv-hdr-x1-prozessor-bravia-core-triluminos-pro-hdmi-2-1-gaming-menue-1723522817/?variationId=1723522818,"Sony KD-85X80L LED-Fernseher (215 cm/85 Zoll, 4K Ultra HD, Smart-TV, Google TV, HDR, X1-Prozessor, BRAVIA CORE, Triluminos Pro, HDMI 2.1, Gaming-Menü)",,,,,,,,,,,,,tv_keyword,True,"sony kd-85x80l led-fernseher (215 cm/85 zoll, 4k ultra hd, smart-tv, google tv, hdr, x1-prozessor, bravia core, triluminos pro, hdmi 2.1, gaming-menü)",64,64,64,topseller_tv_name_main_bsr,71,71,,1723522818,https://www.otto.de/p/sony-kd-85x80l-led-fernseher-215-cm-85-zoll-4k-ultra-hd-smart-tv-google-tv-hdr-x1-prozessor-bravia-core-triluminos-pro-hdmi-2-1-gaming-menue-1723522817/?variationId=1723522818,False,True
topseller,#reptile-search-result section.reptile-tile-list,72,72,,11,65,sponsored,placeholder_link_only,False,True,True,70673617,1975567645,1975567647,72,72,sponsored,https://www.otto.de/p/samsung-gu75u8079fu-led-fernseher-189-cm-75-zoll-4k-ultra-hd-smart-tv-crystal-uhd-q-symphony-dolby-surround-sound-triple-tuner-smart-hub-1975567645/?variationId=1975567647,"GU75U8079FU LED-Fernseher (189 cm/75 Zoll, 4K Ultra HD, Smart-TV, Crystal UHD, Q-Symphony, Dolby Surround Sound, Triple Tuner, Smart-Hub)",,,,,,,,,Gesponsert,Sponsored,,,tv_keyword,True,"gu75u8079fu led-fernseher (189 cm/75 zoll, 4k ultra hd, smart-tv, crystal uhd, q-symphony, dolby surround sound, triple tuner, smart-hub)",65,65,65,topseller_tv_name_main_bsr,72,,72,1975567647,https://www.otto.de/p/samsung-gu75u8079fu-led-fernseher-189-cm-75-zoll-4k-ultra-hd-smart-tv-crystal-uhd-q-symphony-dolby-surround-sound-triple-tuner-smart-hub-1975567645/?variationId=1975567647,True,False
topseller,#reptile-search-result section.reptile-tile-list,73,73,62,,66,organic,placeholder_link_only,False,True,True,98602503,1975567703,1975567707,73,73,,https://www.otto.de/p/samsung-gq55s85fau-oled-fernseher-138-cm-55-zoll-4k-ultra-hd-smart-tv-hdr-dolby-atmos-ai-sound-pantone-farben-gaming-hub-bis-zu-120hz-1975567703/?variationId=1975567707,"Samsung GQ55S85FAU OLED-Fernseher (138 cm/55 Zoll, 4K Ultra HD, Smart-TV, HDR, Dolby Atmos & AI Sound, Pantone Farben, Gaming Hub, bis zu 120Hz)",,,,,,,,,,,,,tv_keyword,True,"samsung gq55s85fau oled-fernseher (138 cm/55 zoll, 4k ultra hd, smart-tv, hdr, dolby atmos & ai sound, pantone farben, gaming hub, bis zu 120hz)",66,66,66,topseller_tv_name_main_bsr,73,73,,1975567707,https://www.otto.de/p/samsung-gq55s85fau-oled-fernseher-138-cm-55-zoll-4k-ultra-hd-smart-tv-hdr-dolby-atmos-ai-sound-pantone-farben-gaming-hub-bis-zu-120hz-1975567703/?variationId=1975567707,False,True
topseller,#reptile-search-result section.reptile-tile-list,75,75,64,,67,organic,placeholder_link_only,False,True,True,49699520,C2042293620,2042293621,75,75,,https://www.otto.de/p/toshiba-50uv1563dd-dled-fernseher-126-cm-50-zoll-4k-ultra-hd-smart-tv-C2042293620/?variationId=2042293621,"Toshiba 50UV1563DD DLED-Fernseher (126 cm/50 Zoll, 4K Ultra HD, Smart-TV)",,,,,,,,,,,,,tv_keyword,True,"toshiba 50uv1563dd dled-fernseher (126 cm/50 zoll, 4k ultra hd, smart-tv)",67,67,67,topseller_tv_name_main_bsr,75,75,,2042293621,https://www.otto.de/p/toshiba-50uv1563dd-dled-fernseher-126-cm-50-zoll-4k-ultra-hd-smart-tv-C2042293620/?variationId=2042293621,False,True
topseller,#reptile-search-result section.reptile-tile-list,76,76,65,,68,organic,placeholder_link_only,False,True,True,S03ED0HN,C1962462162,S03ED0HNXKCH,76,76,,https://www.otto.de/p/hisense-58e77q-qled-fernseher-146-cm-58-zoll-4k-ultra-hd-smart-tv-4k-uhd-qled-C1962462162/?variationId=S03ED0HNXKCH,"Hisense 58E77Q LED-Fernseher (58 Zoll, 4K Ultra HD, Ja)",,,,,,,,,,,,,tv_keyword,True,"hisense 58e77q led-fernseher (58 zoll, 4k ultra hd, ja)",68,68,68,topseller_tv_name_main_bsr,76,76,,S03ED0HNXKCH,https://www.otto.de/p/hisense-58e77q-qled-fernseher-146-cm-58-zoll-4k-ultra-hd-smart-tv-4k-uhd-qled-C1962462162/?variationId=S03ED0HNXKCH,False,True
topseller,#reptile-search-result section.reptile-tile-list,77,77,66,,69,organic,placeholder_link_only,False,True,True,61436648,C1968873877,1968873879,77,77,,https://www.otto.de/p/lg-oled65c5elb-oled-fernseher-164-cm-65-zoll-4k-ultra-hd-smart-tv-C1968873877/?variationId=1968873879,"LG OLED65C5ELB OLED-Fernseher (164 cm/65 Zoll, 4K Ultra HD, Smart-TV)",,,,,,,,,,,,,tv_keyword,True,"lg oled65c5elb oled-fernseher (164 cm/65 zoll, 4k ultra hd, smart-tv)",69,69,69,topseller_tv_name_main_bsr,77,77,,1968873879,https://www.otto.de/p/lg-oled65c5elb-oled-fernseher-164-cm-65-zoll-4k-ultra-hd-smart-tv-C1968873877/?variationId=1968873879,False,True
topseller,#reptile-search-result section.reptile-tile-list,79,79,68,,70,organic,placeholder_link_only,False,True,True,77393325,1962381540,1962381541,79,79,,https://www.otto.de/p/tcl-55p81kx2-qled-fernseher-139-cm-55-zoll-4k-ultra-hd-smart-tv-google-tv-144hz-multi-hdr-dolby-vision-game-master-smart-tv-apple-tv-onkyo-1962381540/?variationId=1962381541,"TCL 55P81KX2 QLED-Fernseher (139 cm/55 Zoll, 4K Ultra HD, Smart-TV, Google TV, 144Hz, Multi-HDR, Dolby Vision, Game Master, Smart TV, Apple TV, ONKYO)",,,,,,,,,,,,,tv_keyword,True,"tcl 55p81kx2 qled-fernseher (139 cm/55 zoll, 4k ultra hd, smart-tv, google tv, 144hz, multi-hdr, dolby vision, game master, smart tv, apple tv, onkyo)",70,70,70,topseller_tv_name_main_bsr,79,79,,1962381541,https://www.otto.de/p/tcl-55p81kx2-qled-fernseher-139-cm-55-zoll-4k-ultra-hd-smart-tv-google-tv-144hz-multi-hdr-dolby-vision-game-master-smart-tv-apple-tv-onkyo-1962381540/?variationId=1962381541,False,True
topseller,#reptile-search-result section.reptile-tile-list,80,80,69,,71,organic,placeholder_link_only,False,True,True,S0DH50TV,S0DH50TV,S0DH50TVXQM5,80,80,,https://www.otto.de/p/smart-tech-32hn01v3-led-fernseher-81-cm-32-zoll-hd-ready-3x-hdmi-2x-usb-integrierter-triple-tuner-S0DH50TV/?variationId=S0DH50TVXQM5,"Smart Tech 32HN01V3 LED-Fernseher (81 cm/32 Zoll, HD-ready, 3x HDMI / 2x USB, integrierter Triple-Tuner)",,,,,,,,,,,,,tv_keyword,True,"smart tech 32hn01v3 led-fernseher (81 cm/32 zoll, hd-ready, 3x hdmi / 2x usb, integrierter triple-tuner)",71,71,71,topseller_tv_name_main_bsr,80,80,,S0DH50TVXQM5,https://www.otto.de/p/smart-tech-32hn01v3-led-fernseher-81-cm-32-zoll-hd-ready-3x-hdmi-2x-usb-integrierter-triple-tuner-S0DH50TV/?variationId=S0DH50TVXQM5,False,True
topseller,#reptile-search-result section.reptile-tile-list,81,81,70,,72,organic,placeholder_link_only,False,True,True,S0UFK0PDTNS,S0UFK0PD,S0UFK0PDUGC6,81,81,,https://www.otto.de/p/chiq-u55qst-qled-fernseher-139-cm-55-zoll-4k-ultra-hd-4k-uhd-tv-smart-tv-qled-tv-qled-fernseher-google-tv-inkl-streaming-content-kompatibel-mit-apple-airplay-google-tv-S0UFK0PD/?variationId=S0UFK0PDUGC6,"CHiQ U50QST QLED-Fernseher (127 cm/50 Zoll, 4K Ultra HD, 4K UHD TV, Smart-TV, QLED TV, Google TV, Inkl. Streaming Content, Kompatibel mit Apple AirPlay, Google TV)",,,,,,,,,,,,,tv_keyword,True,"chiq u50qst qled-fernseher (127 cm/50 zoll, 4k ultra hd, 4k uhd tv, smart-tv, qled tv, google tv, inkl. streaming content, kompatibel mit apple airplay, google tv)",72,72,72,topseller_tv_name_main_bsr,81,81,,S0UFK0PDUGC6,https://www.otto.de/p/chiq-u55qst-qled-fernseher-139-cm-55-zoll-4k-ultra-hd-4k-uhd-tv-smart-tv-qled-tv-qled-fernseher-google-tv-inkl-streaming-content-kompatibel-mit-apple-airplay-google-tv-S0UFK0PD/?variationId=S0UFK0PDUGC6,False,True
topseller,#reptile-search-result section.reptile-tile-list,82,82,71,,73,organic,placeholder_link_only,False,True,True,S07IZ0D9UKJ,S07IZ0D9,S0TFK0DD94ZX,82,82,,https://www.otto.de/p/chiq-l40ft-led-fernseher-100-cm-40-zoll-full-hd-1920-1080-android-tv-smart-tv-google-tv-hdr-10-dolby-audio-dbx-tv-google-tv-os-mit-10-000plus-apps-S07IZ0D9/?variationId=S0TFK0DD94ZX,"CHiQ LF32FT LED-Fernseher (80 cm/32 Zoll, Full HD(1920*1080), Android TV, Smart-TV, Google TV, HDR 10, Dolby Audio & dbx-tv, Google TV OS mit 10.000+ Apps)",,,,,,,,,,,,,tv_keyword,True,"chiq lf32ft led-fernseher (80 cm/32 zoll, full hd(1920*1080), android tv, smart-tv, google tv, hdr 10, dolby audio & dbx-tv, google tv os mit 10.000+ apps)",73,73,73,topseller_tv_name_main_bsr,82,82,,S0TFK0DD94ZX,https://www.otto.de/p/chiq-l40ft-led-fernseher-100-cm-40-zoll-full-hd-1920-1080-android-tv-smart-tv-google-tv-hdr-10-dolby-audio-dbx-tv-google-tv-os-mit-10-000plus-apps-S07IZ0D9/?variationId=S0TFK0DD94ZX,False,True
topseller,#reptile-search-result section.reptile-tile-list,83,83,72,,74,organic,placeholder_link_only,False,True,True,96907919,2082949641,2082949642,83,83,,https://www.otto.de/p/sharp-4t-c70hlx-led-fernseher-177-cm-70-zoll-4k-ultra-hd-smart-tv-google-tv-2082949641/?variationId=2082949642,"Sharp 4T-C70HLx LED-Fernseher (177 cm/70 Zoll, 4K Ultra HD, Smart-TV, Google TV)",,,,,,,,,,,,,tv_keyword,True,"sharp 4t-c70hlx led-fernseher (177 cm/70 zoll, 4k ultra hd, smart-tv, google tv)",74,74,74,topseller_tv_name_main_bsr,83,83,,2082949642,https://www.otto.de/p/sharp-4t-c70hlx-led-fernseher-177-cm-70-zoll-4k-ultra-hd-smart-tv-google-tv-2082949641/?variationId=2082949642,False,True
topseller,#reptile-search-result section.reptile-tile-list,84,84,73,,75,organic,placeholder_link_only,False,True,True,95015705,C1955807871,1955807872,84,84,,https://www.otto.de/p/hisense-40e4qt-led-fernseher-100-cm-40-zoll-full-hd-smart-tv-2k-fhd-C1955807871/?variationId=1955807872,"Hisense 40E4QT LED-Fernseher (100 cm/40 Zoll, Full HD, Smart-TV, 2K FHD)",,,,,,,,,,,,,tv_keyword,True,"hisense 40e4qt led-fernseher (100 cm/40 zoll, full hd, smart-tv, 2k fhd)",75,75,75,topseller_tv_name_main_bsr,84,84,,1955807872,https://www.otto.de/p/hisense-40e4qt-led-fernseher-100-cm-40-zoll-full-hd-smart-tv-2k-fhd-C1955807871/?variationId=1955807872,False,True
topseller,#reptile-search-result section.reptile-tile-list,85,85,74,,76,organic,placeholder_link_only,False,True,True,44035102,1975567717,1975567720,85,85,,https://www.otto.de/p/samsung-gu55u8079fu-led-fernseher-138-cm-55-zoll-4k-ultra-hd-smart-tv-crystal-uhd-q-symphony-dolby-surround-sound-triple-tuner-smart-hub-1975567717/?variationId=1975567720,"Samsung GU55U8079FU LED-Fernseher (138 cm/55 Zoll, 4K Ultra HD, Smart-TV, Crystal UHD, Q-Symphony, Dolby Surround Sound, Triple Tuner, Smart-Hub)",,,,,,,,,,,,,tv_keyword,True,"samsung gu55u8079fu led-fernseher (138 cm/55 zoll, 4k ultra hd, smart-tv, crystal uhd, q-symphony, dolby surround sound, triple tuner, smart-hub)",76,76,76,topseller_tv_name_main_bsr,85,85,,1975567720,https://www.otto.de/p/samsung-gu55u8079fu-led-fernseher-138-cm-55-zoll-4k-ultra-hd-smart-tv-crystal-uhd-q-symphony-dolby-surround-sound-triple-tuner-smart-hub-1975567717/?variationId=1975567720,False,True
topseller,#reptile-search-result section.reptile-tile-list,86,86,75,,77,organic,placeholder_link_only,False,True,True,82544867,C1955807841,1955807842,86,86,,https://www.otto.de/p/hisense-32e4qt-led-fernseher-80-cm-32-zoll-hd-smart-tv-hd-C1955807841/?variationId=1955807842,"Hisense 32E4QT LED-Fernseher (80 cm/32 Zoll, HD, Smart-TV, HD)",,,,,,,,,,,,,tv_keyword,True,"hisense 32e4qt led-fernseher (80 cm/32 zoll, hd, smart-tv, hd)",77,77,77,topseller_tv_name_main_bsr,86,86,,1955807842,https://www.otto.de/p/hisense-32e4qt-led-fernseher-80-cm-32-zoll-hd-smart-tv-hd-C1955807841/?variationId=1955807842,False,True
topseller,#reptile-search-result section.reptile-tile-list,87,87,76,,78,organic,placeholder_link_only,False,True,True,18395039,C1980401146,1980401147,87,87,,https://www.otto.de/p/philips-65pus8600-12-qled-fernseher-164-cm-65-zoll-4k-ultra-hd-smart-tv-ambilight-p5-perfect-picture-engine-hdr10plus-kompatibel-dolby-atmos-C1980401146/?variationId=1980401147,"Philips 65PUS8600/12 QLED-Fernseher (164 cm/65 Zoll, 4K Ultra HD, Smart-TV, Ambilight, P5 Perfect Picture Engine, HDR10+ kompatibel, Dolby Atmos)",,,,,,,,,,,,,tv_keyword,True,"philips 65pus8600/12 qled-fernseher (164 cm/65 zoll, 4k ultra hd, smart-tv, ambilight, p5 perfect picture engine, hdr10+ kompatibel, dolby atmos)",78,78,78,topseller_tv_name_main_bsr,87,87,,1980401147,https://www.otto.de/p/philips-65pus8600-12-qled-fernseher-164-cm-65-zoll-4k-ultra-hd-smart-tv-ambilight-p5-perfect-picture-engine-hdr10plus-kompatibel-dolby-atmos-C1980401146/?variationId=1980401147,False,True
topseller,#reptile-search-result section.reptile-tile-list,88,88,77,,79,organic,placeholder_link_only,False,True,True,44010563,1975568020,1975568021,88,88,,https://www.otto.de/p/samsung-gq65q7faau-qled-fernseher-163-cm-65-zoll-4k-ultra-hd-smart-tv-quantum-hdr-knox-security-art-store-3d-sound-gaming-hub-ai-tv-1975568020/?variationId=1975568021,"Samsung GQ65Q7FAAU QLED-Fernseher (163 cm/65 Zoll, 4K Ultra HD, Smart-TV, Quantum HDR, Knox Security, Art Store, 3D Sound, Gaming Hub, AI TV)",,,,,,,,,,,,,tv_keyword,True,"samsung gq65q7faau qled-fernseher (163 cm/65 zoll, 4k ultra hd, smart-tv, quantum hdr, knox security, art store, 3d sound, gaming hub, ai tv)",79,79,79,topseller_tv_name_main_bsr,88,88,,1975568021,https://www.otto.de/p/samsung-gq65q7faau-qled-fernseher-163-cm-65-zoll-4k-ultra-hd-smart-tv-quantum-hdr-knox-security-art-store-3d-sound-gaming-hub-ai-tv-1975568020/?variationId=1975568021,False,True
topseller,#reptile-search-result section.reptile-tile-list,89,89,78,,80,organic,placeholder_link_only,False,True,True,63164417,1970617936,1970617938,89,89,,https://www.otto.de/p/philips-50pus9000-12-qled-fernseher-126-cm-50-zoll-4k-ultra-hd-smart-tv-ambilight-p5-picture-engine-dolby-vision-dolby-atmos-gaming-alexa-1970617936/?variationId=1970617938,"Philips 50PUS9000/12 QLED-Fernseher (126 cm/50 Zoll, 4K Ultra HD, Smart-TV, Ambilight, P5 Picture Engine, Dolby Vision, Dolby Atmos, Gaming, Alexa)",,,,,,,,,,,,,tv_keyword,True,"philips 50pus9000/12 qled-fernseher (126 cm/50 zoll, 4k ultra hd, smart-tv, ambilight, p5 picture engine, dolby vision, dolby atmos, gaming, alexa)",80,80,80,topseller_tv_name_main_bsr,89,89,,1970617938,https://www.otto.de/p/philips-50pus9000-12-qled-fernseher-126-cm-50-zoll-4k-ultra-hd-smart-tv-ambilight-p5-picture-engine-dolby-vision-dolby-atmos-gaming-alexa-1970617936/?variationId=1970617938,False,True
topseller,#reptile-search-result section.reptile-tile-list,90,90,79,,81,organic,placeholder_link_only,False,True,True,58021547,1975567827,1975567828,90,90,,https://www.otto.de/p/samsung-gq75q7faau-qled-fernseher-189-cm-75-zoll-4k-ultra-hd-smart-tv-quantum-hdr-knox-security-art-store-3d-sound-gaming-hub-ai-tv-1975567827/?variationId=1975567828,"Samsung GQ75Q7FAAU QLED-Fernseher (189 cm/75 Zoll, 4K Ultra HD, Smart-TV, Quantum HDR, Knox Security, Art Store, 3D Sound, Gaming Hub, AI TV)",,,,,,,,,,,,,tv_keyword,True,"samsung gq75q7faau qled-fernseher (189 cm/75 zoll, 4k ultra hd, smart-tv, quantum hdr, knox security, art store, 3d sound, gaming hub, ai tv)",81,81,81,topseller_tv_name_main_bsr,90,90,,1975567828,https://www.otto.de/p/samsung-gq75q7faau-qled-fernseher-189-cm-75-zoll-4k-ultra-hd-smart-tv-quantum-hdr-knox-security-art-store-3d-sound-gaming-hub-ai-tv-1975567827/?variationId=1975567828,False,True
topseller,#reptile-search-result section.reptile-tile-list,91,91,80,,82,organic,placeholder_link_only,False,True,True,S0DJ8068,S0DJ8068,S0KH50THBP33,91,91,,https://www.otto.de/p/medion-md33100-lcd-led-fernseher-125-7-cm-50-zoll-4k-ultra-hd-smart-tv-netflix-hbo-max-prime-video-disneyplus-magenta-tv-appletv-wow-S0DJ8068/?variationId=S0KH50THBP33,"Medion® MD33100 LCD-LED Fernseher (125.7 cm/50 Zoll, 4K Ultra HD, Smart-TV, Netflix, HBO Max, Prime Video, Disney+, Magenta TV, AppleTV, WOW)",,,,,,,,,,,,,tv_keyword,True,"medion® md33100 lcd-led fernseher (125.7 cm/50 zoll, 4k ultra hd, smart-tv, netflix, hbo max, prime video, disney+, magenta tv, appletv, wow)",82,82,82,topseller_tv_name_main_bsr,91,91,,S0KH50THBP33,https://www.otto.de/p/medion-md33100-lcd-led-fernseher-125-7-cm-50-zoll-4k-ultra-hd-smart-tv-netflix-hbo-max-prime-video-disneyplus-magenta-tv-appletv-wow-S0DJ8068/?variationId=S0KH50THBP33,False,True
topseller,#reptile-search-result section.reptile-tile-list,92,92,81,,83,organic,placeholder_link_only,False,True,True,18623958,2037941368,2037941369,92,92,,https://www.otto.de/p/samsung-gq77s91fae-oled-fernseher-194-cm-77-zoll-4k-ultra-hd-smart-tv-2037941368/?variationId=2037941369,"Samsung GQ77S91FAE OLED-Fernseher (194 cm/77 Zoll, 4K Ultra HD, Smart-TV)",,,,,,,,,,,,,tv_keyword,True,"samsung gq77s91fae oled-fernseher (194 cm/77 zoll, 4k ultra hd, smart-tv)",83,83,83,topseller_tv_name_main_bsr,92,92,,2037941369,https://www.otto.de/p/samsung-gq77s91fae-oled-fernseher-194-cm-77-zoll-4k-ultra-hd-smart-tv-2037941368/?variationId=2037941369,False,True
topseller,#reptile-search-result section.reptile-tile-list,93,93,82,,84,organic,placeholder_link_only,False,True,True,27479833,2040419135,2040419136,93,93,,https://www.otto.de/p/telefunken-d40f900m8cwi-led-fernseher-100-cm-40-zoll-full-hd-smart-tv-2040419135/?variationId=2040419136,"Telefunken D40F900M8CWI LED-Fernseher (100 cm/40 Zoll, Full HD, Smart-TV)",,,,,,,,,,,,,tv_keyword,True,"telefunken d40f900m8cwi led-fernseher (100 cm/40 zoll, full hd, smart-tv)",84,84,84,topseller_tv_name_main_bsr,93,93,,2040419136,https://www.otto.de/p/telefunken-d40f900m8cwi-led-fernseher-100-cm-40-zoll-full-hd-smart-tv-2040419135/?variationId=2040419136,False,True
topseller,#reptile-search-result section.reptile-tile-list,94,94,83,,85,organic,placeholder_link_only,False,True,True,S0DJ806IQTR,S0DJ806I,S0WEP0S4A7KV,94,94,,https://www.otto.de/p/medion-md855400-lcd-led-fernseher-138-8-cm-55-zoll-4k-ultra-hd-smart-tv-dolby-vision-dolby-atmos-playstore-netflix-hbo-max-prime-video-S0DJ806I/?variationId=S0WEP0S4A7KV,"Medion® MD843400 LCD-LED Fernseher (108 cm/43 Zoll, 4K Ultra HD, Smart-TV, Dolby Vision, Dolby Atmos, Playstore, Netflix, HBO Max, Prime Video)",,,,,,,,,,,,,tv_keyword,True,"medion® md843400 lcd-led fernseher (108 cm/43 zoll, 4k ultra hd, smart-tv, dolby vision, dolby atmos, playstore, netflix, hbo max, prime video)",85,85,85,topseller_tv_name_main_bsr,94,94,,S0WEP0S4A7KV,https://www.otto.de/p/medion-md855400-lcd-led-fernseher-138-8-cm-55-zoll-4k-ultra-hd-smart-tv-dolby-vision-dolby-atmos-playstore-netflix-hbo-max-prime-video-S0DJ806I/?variationId=S0WEP0S4A7KV,False,True
topseller,#reptile-search-result section.reptile-tile-list,95,95,84,,86,organic,placeholder_link_only,False,True,True,92343447,C2007673883,2007673884,95,95,,https://www.otto.de/p/lg-oled55b59la-oled-fernseher-139-cm-55-zoll-4k-ultra-hd-smart-tv-C2007673883/?variationId=2007673884,"LG OLED55B59LA OLED-Fernseher (139 cm/55 Zoll, 4K Ultra HD, Smart-TV)",,,,,,,,,,,,,tv_keyword,True,"lg oled55b59la oled-fernseher (139 cm/55 zoll, 4k ultra hd, smart-tv)",86,86,86,topseller_tv_name_main_bsr,95,95,,2007673884,https://www.otto.de/p/lg-oled55b59la-oled-fernseher-139-cm-55-zoll-4k-ultra-hd-smart-tv-C2007673883/?variationId=2007673884,False,True
topseller,#reptile-search-result section.reptile-tile-list,96,96,85,,87,organic,placeholder_link_only,False,True,True,14721265,C1832845843,1832845844,96,96,,https://www.otto.de/p/hisense-85e6nt-led-fernseher-214-cm-85-zoll-4k-ultra-hd-smart-tv-4k-uhd-C1832845843/?variationId=1832845844,"Hisense 85E6NT LED-Fernseher (214 cm/85 Zoll, 4K Ultra HD, Smart-TV, 4K UHD)",,,,,,,,,,,,,tv_keyword,True,"hisense 85e6nt led-fernseher (214 cm/85 zoll, 4k ultra hd, smart-tv, 4k uhd)",87,87,87,topseller_tv_name_main_bsr,96,96,,1832845844,https://www.otto.de/p/hisense-85e6nt-led-fernseher-214-cm-85-zoll-4k-ultra-hd-smart-tv-4k-uhd-C1832845843/?variationId=1832845844,False,True
topseller,#reptile-search-result section.reptile-tile-list,97,97,86,,88,organic,placeholder_link_only,False,True,True,88376059,C1970618116,1970618117,97,97,,https://www.otto.de/p/philips-65pus9000-12-qled-fernseher-164-cm-65-zoll-4k-ultra-hd-smart-tv-ambilight-p5-picture-engine-dolby-vision-dolby-atmos-gaming-alexa-C1970618116/?variationId=1970618117,"Philips 65PUS9000/12 QLED-Fernseher (164 cm/65 Zoll, 4K Ultra HD, Smart-TV, Ambilight, P5 Picture Engine, Dolby Vision, Dolby Atmos, Gaming, Alexa)",,,,,,,,,,,,,tv_keyword,True,"philips 65pus9000/12 qled-fernseher (164 cm/65 zoll, 4k ultra hd, smart-tv, ambilight, p5 picture engine, dolby vision, dolby atmos, gaming, alexa)",88,88,88,topseller_tv_name_main_bsr,97,97,,1970618117,https://www.otto.de/p/philips-65pus9000-12-qled-fernseher-164-cm-65-zoll-4k-ultra-hd-smart-tv-ambilight-p5-picture-engine-dolby-vision-dolby-atmos-gaming-alexa-C1970618116/?variationId=1970618117,False,True
topseller,#reptile-search-result section.reptile-tile-list,98,98,87,,89,organic,placeholder_link_only,False,True,True,S0RGN07S,S0RGN07S,S0RGN07SVXKG,98,98,,https://www.otto.de/p/hikers-32fz-b-led-fernseher-smart-tv-dolby-audio-smart-tv-vesa-100-x-100-mm-S0RGN07S/?variationId=S0RGN07SVXKG,"Hikers 32FZ-B LED-Fernseher (Smart-TV, Dolby Audio; Smart TV; VESA 100 x 100 mm)",,,,,,,,,,,,,tv_keyword,True,"hikers 32fz-b led-fernseher (smart-tv, dolby audio; smart tv; vesa 100 x 100 mm)",89,89,89,topseller_tv_name_main_bsr,98,98,,S0RGN07SVXKG,https://www.otto.de/p/hikers-32fz-b-led-fernseher-smart-tv-dolby-audio-smart-tv-vesa-100-x-100-mm-S0RGN07S/?variationId=S0RGN07SVXKG,False,True
topseller,#reptile-search-result section.reptile-tile-list,99,99,88,,90,organic,placeholder_link_only,False,True,True,35286914,C1832845897,1832845898,99,99,,https://www.otto.de/p/hisense-50e6nt-dled-fernseher-126-00-cm-50-zoll-vidaa-u7-6-4k-ultra-hd-game-mode-plus-sprachassistenten-C1832845897/?variationId=1832845898,"Hisense 50E6NT LED-Fernseher (126 cm/50 Zoll, 4K Ultra HD, Smart-TV, 4K UHD)",,,,,,,,,,,,,tv_keyword,True,"hisense 50e6nt led-fernseher (126 cm/50 zoll, 4k ultra hd, smart-tv, 4k uhd)",90,90,90,topseller_tv_name_main_bsr,99,99,,1832845898,https://www.otto.de/p/hisense-50e6nt-dled-fernseher-126-00-cm-50-zoll-vidaa-u7-6-4k-ultra-hd-game-mode-plus-sprachassistenten-C1832845897/?variationId=1832845898,False,True
topseller,#reptile-search-result section.reptile-tile-list,100,100,89,,91,organic,placeholder_link_only,False,True,True,41189461,2093626013,2093626014,100,100,,https://www.otto.de/p/lg-65qned71b6b-qned-fernseher-164-cm-65-zoll-4k-ultra-hd-smart-tv-2093626013/?variationId=2093626014,"LG 65QNED71B6B QNED-Fernseher (164 cm/65 Zoll, 4K Ultra HD, Smart-TV)",,,,,,,,,,,,,tv_keyword,True,"lg 65qned71b6b qned-fernseher (164 cm/65 zoll, 4k ultra hd, smart-tv)",91,91,91,topseller_tv_name_main_bsr,100,100,,2093626014,https://www.otto.de/p/lg-65qned71b6b-qned-fernseher-164-cm-65-zoll-4k-ultra-hd-smart-tv-2093626013/?variationId=2093626014,False,True
topseller,#reptile-search-result section.reptile-tile-list,102,102,91,,92,organic,placeholder_link_only,False,True,True,46538307,C2007673874,2007673875,102,102,,https://www.otto.de/p/lg-oled77b59la-oled-fernseher-195-cm-77-zoll-4k-ultra-hd-smart-tv-C2007673874/?variationId=2007673875,"LG OLED77B59LA OLED-Fernseher (195 cm/77 Zoll, 4K Ultra HD, Smart-TV)",,,,,,,,,,,,,tv_keyword,True,"lg oled77b59la oled-fernseher (195 cm/77 zoll, 4k ultra hd, smart-tv)",92,92,92,topseller_tv_name_main_bsr,102,102,,2007673875,https://www.otto.de/p/lg-oled77b59la-oled-fernseher-195-cm-77-zoll-4k-ultra-hd-smart-tv-C2007673874/?variationId=2007673875,False,True
topseller,#reptile-search-result section.reptile-tile-list,103,103,92,,93,organic,placeholder_link_only,False,True,True,49872968,C1955108382,1955108383,103,103,,https://www.otto.de/p/hisense-55e77q-qled-fernseher-139-cm-55-zoll-4k-ultra-hd-smart-tv-4k-uhd-qled-C1955108382/?variationId=1955108383,"Hisense 55E77Q QLED-Fernseher (139 cm/55 Zoll, 4K Ultra HD, Smart-TV, 4K UHD QLED)",,,,,,,,,,,,,tv_keyword,True,"hisense 55e77q qled-fernseher (139 cm/55 zoll, 4k ultra hd, smart-tv, 4k uhd qled)",93,93,93,topseller_tv_name_main_bsr,103,103,,1955108383,https://www.otto.de/p/hisense-55e77q-qled-fernseher-139-cm-55-zoll-4k-ultra-hd-smart-tv-4k-uhd-qled-C1955108382/?variationId=1955108383,False,True
topseller,#reptile-search-result section.reptile-tile-list,104,104,93,,94,organic,placeholder_link_only,False,True,True,42499966,C1970617859,1970617860,104,104,,https://www.otto.de/p/philips-65pus7800-12-qled-fernseher-164-cm-65-zoll-4k-ultra-hd-smart-tv-pixel-precise-ultra-hd-hdr10plus-hlg-dolby-atmos-dts-x-sound-C1970617859/?variationId=1970617860,"Philips 65PUS7800/12 QLED-Fernseher (164 cm/65 Zoll, 4K Ultra HD, Smart-TV, Pixel Precise Ultra HD, HDR10+ & HLG, Dolby Atmos & DTS:X Sound)",,,,,,,,,,,,,tv_keyword,True,"philips 65pus7800/12 qled-fernseher (164 cm/65 zoll, 4k ultra hd, smart-tv, pixel precise ultra hd, hdr10+ & hlg, dolby atmos & dts:x sound)",94,94,94,topseller_tv_name_main_bsr,104,104,,1970617860,https://www.otto.de/p/philips-65pus7800-12-qled-fernseher-164-cm-65-zoll-4k-ultra-hd-smart-tv-pixel-precise-ultra-hd-hdr10plus-hlg-dolby-atmos-dts-x-sound-C1970617859/?variationId=1970617860,False,True
topseller,#reptile-search-result section.reptile-tile-list,106,106,95,,95,organic,placeholder_link_only,False,True,True,96850721,1975567686,1975567687,106,106,,https://www.otto.de/p/samsung-gq85q6faau-qled-fernseher-214-cm-85-zoll-4k-ultra-hd-smart-tv-quantum-hdr-knox-security-art-store-3d-sound-gaming-hub-ai-tv-1975567686/?variationId=1975567687,"Samsung GQ85Q6FAAU QLED-Fernseher (214 cm/85 Zoll, 4K Ultra HD, Smart-TV, Quantum HDR, Knox Security, Art Store, 3D Sound, Gaming Hub, AI TV)",,,,,,,,,,,,,tv_keyword,True,"samsung gq85q6faau qled-fernseher (214 cm/85 zoll, 4k ultra hd, smart-tv, quantum hdr, knox security, art store, 3d sound, gaming hub, ai tv)",95,95,95,topseller_tv_name_main_bsr,106,106,,1975567687,https://www.otto.de/p/samsung-gq85q6faau-qled-fernseher-214-cm-85-zoll-4k-ultra-hd-smart-tv-quantum-hdr-knox-security-art-store-3d-sound-gaming-hub-ai-tv-1975567686/?variationId=1975567687,False,True
topseller,#reptile-search-result section.reptile-tile-list,107,107,96,,96,organic,placeholder_link_only,False,True,True,S0LGJ0MG,S0LGJ0MG,S0LGJ0MGVY1Q,107,107,,https://www.otto.de/p/sharp-1t-c24hex-lcd-led-fernseher-60-cm-24-zoll-hd-ready-smart-tv-powered-by-tivo-24he2745e-smart-tv-powered-by-tivo-hdr-triple-tuner-S0LGJ0MG/?variationId=S0LGJ0MGVY1Q,"Sharp 1T-C24HEx LCD-LED Fernseher (60 cm/24 Zoll, HD-ready, Smart TV powered by TiVo, 24HE2745E Smart TV powered by TiVo, HDR, Triple-Tuner)",,,,,,,,,,,,,tv_keyword,True,"sharp 1t-c24hex lcd-led fernseher (60 cm/24 zoll, hd-ready, smart tv powered by tivo, 24he2745e smart tv powered by tivo, hdr, triple-tuner)",96,96,96,topseller_tv_name_main_bsr,107,107,,S0LGJ0MGVY1Q,https://www.otto.de/p/sharp-1t-c24hex-lcd-led-fernseher-60-cm-24-zoll-hd-ready-smart-tv-powered-by-tivo-24he2745e-smart-tv-powered-by-tivo-hdr-triple-tuner-S0LGJ0MG/?variationId=S0LGJ0MGVY1Q,False,True
topseller,#reptile-search-result section.reptile-tile-list,108,108,97,,97,organic,placeholder_link_only,False,True,True,30935923,1197586166,1197586167,108,108,,https://www.otto.de/p/telefunken-l24h550m4-wi-led-fernseher-60-cm-24-zoll-hd-ready-1197586166/?variationId=1197586167,"Telefunken L24H550M4-WI LED-Fernseher (60 cm/24 Zoll, HD-ready)",,,,,,,,,,,,,tv_keyword,True,"telefunken l24h550m4-wi led-fernseher (60 cm/24 zoll, hd-ready)",97,97,97,topseller_tv_name_main_bsr,108,108,,1197586167,https://www.otto.de/p/telefunken-l24h550m4-wi-led-fernseher-60-cm-24-zoll-hd-ready-1197586166/?variationId=1197586167,False,True
topseller,#reptile-search-result section.reptile-tile-list,109,109,98,,98,organic,placeholder_link_only,False,True,True,S06J4047C4J,S06J4047,SA1UKZ3GKCLD,109,109,,https://www.otto.de/p/medion-md840001-lcd-led-fernseher-100-3-cm-40-zoll-1080p-full-hd-pay-tv-dvd-laufwerk-ciplus-media-player-S06J4047/?variationId=SA1UKZ3GKCLD,"Medion® MD819001 LCD-LED Fernseher (47 cm/19 Zoll, 720p HD Ready, Pay-TV, 60Hz, E8192501)",,,,,,,,,,,,,tv_keyword,True,"medion® md819001 lcd-led fernseher (47 cm/19 zoll, 720p hd ready, pay-tv, 60hz, e8192501)",98,98,98,topseller_tv_name_main_bsr,109,109,,SA1UKZ3GKCLD,https://www.otto.de/p/medion-md840001-lcd-led-fernseher-100-3-cm-40-zoll-1080p-full-hd-pay-tv-dvd-laufwerk-ciplus-media-player-S06J4047/?variationId=SA1UKZ3GKCLD,False,True
topseller,#reptile-search-result section.reptile-tile-list,110,110,99,,99,organic,placeholder_link_only,False,True,True,11857956,C2092091256,2092091257,110,110,,https://www.otto.de/p/philips-24phs6050-12-led-fernseher-60-cm-24-zoll-hd-ready-smart-tv-C2092091256/?variationId=2092091257,"Philips 24PHS6050/12 LED-Fernseher (60 cm/24 Zoll, HD ready, Smart-TV)",,,,,,,,,,,,,tv_keyword,True,"philips 24phs6050/12 led-fernseher (60 cm/24 zoll, hd ready, smart-tv)",99,99,99,topseller_tv_name_main_bsr,110,110,,2092091257,https://www.otto.de/p/philips-24phs6050-12-led-fernseher-60-cm-24-zoll-hd-ready-smart-tv-C2092091256/?variationId=2092091257,False,True
topseller,#reptile-search-result section.reptile-tile-list,111,111,100,,100,organic,placeholder_link_only,False,True,True,77150837,C1970617908,1970617909,111,111,,https://www.otto.de/p/philips-55pus9000-12-qled-fernseher-139-cm-55-zoll-4k-ultra-hd-smart-tv-ambilight-p5-picture-engine-dolby-vision-dolby-atmos-gaming-alexa-C1970617908/?variationId=1970617909,"Philips 55PUS9000/12 QLED-Fernseher (139 cm/55 Zoll, 4K Ultra HD, Smart-TV, Ambilight, P5 Picture Engine, Dolby Vision, Dolby Atmos, Gaming, Alexa)",,,,,,,,,,,,,tv_keyword,True,"philips 55pus9000/12 qled-fernseher (139 cm/55 zoll, 4k ultra hd, smart-tv, ambilight, p5 picture engine, dolby vision, dolby atmos, gaming, alexa)",100,100,100,topseller_tv_name_main_bsr,111,111,,1970617909,https://www.otto.de/p/philips-55pus9000-12-qled-fernseher-139-cm-55-zoll-4k-ultra-hd-smart-tv-ambilight-p5-picture-engine-dolby-vision-dolby-atmos-gaming-alexa-C1970617908/?variationId=1970617909,False,True
topseller,#reptile-search-result section.reptile-tile-list,112,112,101,,101,organic,placeholder_link_only,False,True,True,87435745,1975567668,1975567669,112,112,,https://www.otto.de/p/samsung-gq55s90fae-oled-fernseher-138-cm-55-zoll-4k-ultra-hd-smart-tv-hdrplus-dolby-atmos-ai-sound-gaming-hub-upscaling-pro-bis-zu-144hz-1975567668/?variationId=1975567669,"Samsung GQ55S90FAE OLED-Fernseher (138 cm/55 Zoll, 4K Ultra HD, Smart-TV, HDR+, Dolby Atmos & AI Sound, Gaming Hub, Upscaling Pro, bis zu 144Hz)",,,,,,,,,,,,,tv_keyword,True,"samsung gq55s90fae oled-fernseher (138 cm/55 zoll, 4k ultra hd, smart-tv, hdr+, dolby atmos & ai sound, gaming hub, upscaling pro, bis zu 144hz)",101,101,,topseller_tv_name_main,112,112,,1975567669,https://www.otto.de/p/samsung-gq55s90fae-oled-fernseher-138-cm-55-zoll-4k-ultra-hd-smart-tv-hdrplus-dolby-atmos-ai-sound-gaming-hub-upscaling-pro-bis-zu-144hz-1975567668/?variationId=1975567669,False,True
topseller,#reptile-search-result section.reptile-tile-list,113,113,102,,102,organic,placeholder_link_only,False,True,True,S0DJ806FTNS,S0DJ806F,SK83JQTGMM3E,113,113,,https://www.otto.de/p/medion-md865201-lcd-led-fernseher-163-9-cm-65-zoll-4k-ultra-hd-smart-tv-netflix-hbo-max-prime-video-disneyplus-magenta-tv-appletv-wow-S0DJ806F/?variationId=SK83JQTGMM3E,"Medion® MD850201 LCD-LED Fernseher (125.7 cm/50 Zoll, 4K Ultra HD, Smart-TV, Netflix, HBO Max, Prime Video, Disney+, Magenta TV, AppleTV, WOW)",,,,,,,,,,,,,tv_keyword,True,"medion® md850201 lcd-led fernseher (125.7 cm/50 zoll, 4k ultra hd, smart-tv, netflix, hbo max, prime video, disney+, magenta tv, appletv, wow)",102,102,,topseller_tv_name_main,113,113,,SK83JQTGMM3E,https://www.otto.de/p/medion-md865201-lcd-led-fernseher-163-9-cm-65-zoll-4k-ultra-hd-smart-tv-netflix-hbo-max-prime-video-disneyplus-magenta-tv-appletv-wow-S0DJ806F/?variationId=SK83JQTGMM3E,False,True
topseller,#reptile-search-result section.reptile-tile-list,114,114,103,,103,organic,placeholder_link_only,False,True,True,56895204,1729037349,1729037350,114,114,,https://www.otto.de/p/sony-kd-65x85l-led-fernseher-164-cm-65-zoll-4k-ultra-hd-android-tv-smart-tv-google-tv-bravia-core-triluminos-pro-hdmi-2-1-gaming-menue-1729037349/?variationId=1729037350,"Sony KD-65X85L LED-Fernseher (164 cm/65 Zoll, 4K Ultra HD, Android TV, Smart-TV, Google TV, BRAVIA CORE, TRILUMINOS PRO, HDMI 2.1, Gaming-Menü)",,,,,,,,,,,,,tv_keyword,True,"sony kd-65x85l led-fernseher (164 cm/65 zoll, 4k ultra hd, android tv, smart-tv, google tv, bravia core, triluminos pro, hdmi 2.1, gaming-menü)",103,103,,topseller_tv_name_main,114,114,,1729037350,https://www.otto.de/p/sony-kd-65x85l-led-fernseher-164-cm-65-zoll-4k-ultra-hd-android-tv-smart-tv-google-tv-bravia-core-triluminos-pro-hdmi-2-1-gaming-menue-1729037349/?variationId=1729037350,False,True
topseller,#reptile-search-result section.reptile-tile-list,115,115,104,,104,organic,placeholder_link_only,False,True,True,48439937,C1970617998,1970617999,115,115,,https://www.otto.de/p/philips-40pfs6000-12-led-fernseher-100-cm-40-zoll-full-hd-smart-tv-C1970617998/?variationId=1970617999,"Philips 40PFS6000/12 LED-Fernseher (100 cm/40 Zoll, Full HD, Smart-TV)",,,,,,,,,,,,,tv_keyword,True,"philips 40pfs6000/12 led-fernseher (100 cm/40 zoll, full hd, smart-tv)",104,104,,topseller_tv_name_main,115,115,,1970617999,https://www.otto.de/p/philips-40pfs6000-12-led-fernseher-100-cm-40-zoll-full-hd-smart-tv-C1970617998/?variationId=1970617999,False,True
topseller,#reptile-search-result section.reptile-tile-list,116,116,105,,105,organic,placeholder_link_only,False,True,True,74305564,C1968873954,1968873955,116,116,,https://www.otto.de/p/lg-oled77c5elb-oled-fernseher-195-cm-77-zoll-4k-ultra-hd-smart-tv-C1968873954/?variationId=1968873955,"LG OLED77C5ELB OLED-Fernseher (195 cm/77 Zoll, 4K Ultra HD, Smart-TV)",,,,,,,,,,,,,tv_keyword,True,"lg oled77c5elb oled-fernseher (195 cm/77 zoll, 4k ultra hd, smart-tv)",105,105,,topseller_tv_name_main,116,116,,1968873955,https://www.otto.de/p/lg-oled77c5elb-oled-fernseher-195-cm-77-zoll-4k-ultra-hd-smart-tv-C1968873954/?variationId=1968873955,False,True
topseller,#reptile-search-result section.reptile-tile-list,118,118,107,,106,organic,placeholder_link_only,False,True,True,18963230,C2087551458,2087551459,118,118,,https://www.otto.de/p/hisense-55e7s-qled-fernseher-139-cm-55-zoll-4k-ultra-hd-smart-tv-C2087551458/?variationId=2087551459,"Hisense 55E7S QLED-Fernseher (139 cm/55 Zoll, 4K Ultra HD, Smart-TV)",,,,,,,,,,,,,tv_keyword,True,"hisense 55e7s qled-fernseher (139 cm/55 zoll, 4k ultra hd, smart-tv)",106,106,,topseller_tv_name_main,118,118,,2087551459,https://www.otto.de/p/hisense-55e7s-qled-fernseher-139-cm-55-zoll-4k-ultra-hd-smart-tv-C2087551458/?variationId=2087551459,False,True
topseller,#reptile-search-result section.reptile-tile-list,119,119,108,,107,organic,placeholder_link_only,False,True,True,S0YGE0UXKM5,S0YGE0UX,S0YGE0UXBMD8,119,119,,https://www.otto.de/p/chiq-m55qn9g-qled-mini-led-fernseher-139-cm-55-zoll-4k-ultra-hd-4k-uhd-tv-smart-tv-google-tv-mini-led-tv-dlg-120hz-95-dci-p3-farbgenauigkeit-dolby-vision-google-assistant-S0YGE0UX/?variationId=S0YGE0UXBMD8,"CHiQ M55QN9G QLED Mini LED-Fernseher (139 cm/55 Zoll, 4K Ultra HD, 4K UHD TV, Smart-TV, Google TV, Mini LED TV, DLG 120Hz, 95% DCI-P3-Farbgenauigkeit, Dolby Vision, Google Assistant)",,,,,,,,,,,,,tv_keyword,True,"chiq m55qn9g qled mini led-fernseher (139 cm/55 zoll, 4k ultra hd, 4k uhd tv, smart-tv, google tv, mini led tv, dlg 120hz, 95% dci-p3-farbgenauigkeit, dolby vision, google assistant)",107,107,,topseller_tv_name_main,119,119,,S0YGE0UXBMD8,https://www.otto.de/p/chiq-m55qn9g-qled-mini-led-fernseher-139-cm-55-zoll-4k-ultra-hd-4k-uhd-tv-smart-tv-google-tv-mini-led-tv-dlg-120hz-95-dci-p3-farbgenauigkeit-dolby-vision-google-assistant-S0YGE0UX/?variationId=S0YGE0UXBMD8,False,True
